-- phpMyAdmin SQL Dump
-- version 5.2.1
-- https://www.phpmyadmin.net/
--
-- Host: 127.0.0.1
-- Generation Time: Feb 25, 2025 at 12:50 PM
-- Server version: 10.4.32-MariaDB
-- PHP Version: 8.2.12

SET SQL_MODE = "NO_AUTO_VALUE_ON_ZERO";
START TRANSACTION;
SET time_zone = "+00:00";


/*!40101 SET @OLD_CHARACTER_SET_CLIENT=@@CHARACTER_SET_CLIENT */;
/*!40101 SET @OLD_CHARACTER_SET_RESULTS=@@CHARACTER_SET_RESULTS */;
/*!40101 SET @OLD_COLLATION_CONNECTION=@@COLLATION_CONNECTION */;
/*!40101 SET NAMES utf8mb4 */;

--
-- Database: `anime_db`
--

-- --------------------------------------------------------

--
-- Table structure for table `animes`
--

CREATE TABLE `animes` (
  `id` int(11) NOT NULL,
  `uuid` varchar(255) NOT NULL,
  `title` varchar(255) NOT NULL,
  `deskripsi` longtext NOT NULL,
  `image` varchar(255) NOT NULL,
  `status` varchar(255) NOT NULL,
  `genreId` int(11) NOT NULL,
  `userId` int(11) NOT NULL,
  `createdAt` datetime NOT NULL,
  `updatedAt` datetime NOT NULL
) ENGINE=InnoDB DEFAULT CHARSET=utf8mb4 COLLATE=utf8mb4_general_ci;

--
-- Dumping data for table `animes`
--

INSERT INTO `animes` (`id`, `uuid`, `title`, `deskripsi`, `image`, `status`, `genreId`, `userId`, `createdAt`, `updatedAt`) VALUES
(1, '229ad919-b0e8-4add-8656-9fff3cc4e8b1', 'Naruto', 'Naruto (ナルト) adalah sebuah serial manga karya Masashi Kishimoto yang diadaptasi menjadi serial anime. Manga Naruto bercerita seputar kehidupan tokoh utamanya, Naruto Uzumaki, seorang ninja yang hiperaktif, periang, dan ambisius yang ingin mewujudkan keinginannya untuk mendapatkan gelar Hokage, pemimpin dan ninja terkuat di desanya. Serial ini didasarkan pada komik one-shot oleh Kishimoto yang diterbitkan dalam edisi Akamaru Jump pada Agustus 1997.', 'https://cdn.wikimg.net/en/strategywiki/images/thumb/f/f9/Naruto_UC_characters.jpg/250px-Naruto_UC_characters.jpg', 'FINISHED', 1, 1, '2025-02-03 07:12:27', '2025-02-03 07:12:27'),
(2, 'fb7beb3b-accf-497c-b73f-22fde4ff65cc', 'One Piece', 'One Piece (Jepang: ワンピース, Hepburn: Wan Pīsu) adalah sebuah seri manga Jepang yang ditulis dan diilustrasikan oleh Eiichiro Oda. Manga ini telah dimuat di majalah Weekly Shōnen Jump milik Shueisha sejak tanggal 22 Juli 1997, dan telah dibundel menjadi 105 volume tankōbon hingga Maret 2023. Ceritanya mengisahkan petualangan Monkey D. Luffy, seorang anak laki-laki yang memiliki kemampuan tubuh elastis seperti karet setelah memakan Buah Iblis secara tidak disengaja. Luffy bersama kru bajak lautnya, yang dinamakan Bajak Laut Topi Jerami, menjelajahi Grand Line untuk mencari harta karun terbesar di dunia yang dikenal sebagai \"One Piece\" dalam rangka untuk menjadi Raja Bajak Laut yang berikutnya.', 'https://imgcdn.espos.id/@espos/images/2014/11/One-Piece-wikipedia.jpg?quality=60', 'ONGOING', 1, 1, '2025-02-03 07:12:57', '2025-02-03 07:12:57'),
(3, 'e4f1145c-cef3-4100-8d8c-96dcfe8d90de', 'Hunter x Hunter', 'Hunter × Hunter (Jepang: ハンター×ハンター, Hepburn: Hantā Hantā, disingkat: HxH) adalah sebuah seri manga shōnen Jepang yang ditulis dan diilustrasikan oleh Yoshihiro Togashi. Manga ini mulai dimuat dalam majalah Weekly Shōnen Jump sejak tanggal 16 Maret 1998, meskipun sering kali mengalami hiatus berkepanjangan sejak tahun 2006. Hingga bulan Oktober 2018, 380 bab telah dibundel menjadi 36 volume oleh Shueisha. Ceritanya berfokus pada seorang bocah lelaki bernama Gon Freecss, yang mengetahui bahwa ayahnya yang sudah meninggalkannya sejak masih kecil, sebenarnya merupakan seorang Hunter ternama di dunia, sebuah profesi berlisensi bagi mereka yang berspesialisasi dalam tetapi tidak terbatas pada pencarian hal tak lazim layaknya menemukan spesies hewan langka atau tidak dikenal, berburu harta karun.', 'https://upload.wikimedia.org/wikipedia/it/4/4b/Phantom_Rouge_HXH.png', 'FINISHED', 2, 1, '2025-02-03 07:13:33', '2025-02-06 06:51:57'),
(4, 'b32c2072-b2ae-4c66-b4e7-b29a589a687e', 'Attack on Titan', 'Shingeki no Kyojin (Jepang: 進撃の巨人, terj. har. \"Raksasa [yang] Menyerang\"), yang diterbitkan di Indonesia dengan judul Attack on Titan, adalah sebuah seri manga shōnen asal Jepang yang ditulis dan diilustrasikan oleh Hajime Isayama. Ceritanya berlatar di dunia tempat umat manusia hidup di wilayah yang dikelilingi tiga lapis tembok besar, yang melindungi mereka dari makhluk pemakan manusia berukuran raksasa yang dikenal sebagai Titan. Manga ini dimuat berseri dalam majalah Bessatsu Shōnen Magazine terbitan Kodansha sejak bulan September 2009 hingga April 2021, dan telah diterbitkan menjadi 34 volume tankōbon per bulan Desember 2020.', 'https://upload.wikimedia.org/wikipedia/en/b/b2/Attack_on_Titan_decalless_cover_art.jpg', 'FINISHED', 1, 1, '2025-02-03 08:12:33', '2025-02-03 08:12:33'),
(5, 'babb48b6-c552-4be4-8d5f-874aaccc2bc0', 'Bleach', 'Bleach (Jepang: ブリーチ, Hepburn: Burīchi) merupakan sebuah seri manga shōnen Jepang yang ditulis dan diilustrasikan oleh Tite Kubo. Alur ceritanya mengisahkan petualangan remaja keras kepala bernama Ichigo Kurosaki yang mewarisi takdir kedua orangtuanya, setelah dia mendapatkan kekuatan Shinigami.', 'https://encrypted-tbn0.gstatic.com/images?q=tbn:ANd9GcSZ-W81s2GFmqC34Jq4nX8lEXwpOTUTO3nSMA&s', 'ONGOING', 1, 2, '2025-02-06 07:23:00', '2025-02-06 07:24:20'),
(17, 'd42fc603-06f2-46c3-89c3-ec0ba5e2a7ca', 'Maou Gakuin no Futekigousha: Shijou Saikyou no Maou no Shiso', 'tes', 'tes', 'ONGOING', 4, 1, '2025-02-25 08:55:21', '2025-02-25 08:55:21');

-- --------------------------------------------------------

--
-- Table structure for table `episodes`
--

CREATE TABLE `episodes` (
  `id` int(11) NOT NULL,
  `uuid` varchar(255) NOT NULL,
  `episode` int(11) NOT NULL,
  `video_link` varchar(255) DEFAULT NULL,
  `video_link1` varchar(255) DEFAULT NULL,
  `video_link2` varchar(255) DEFAULT NULL,
  `video_link3` varchar(255) DEFAULT NULL,
  `video_link4` varchar(255) DEFAULT NULL,
  `video_link5` varchar(255) DEFAULT NULL,
  `animeId` int(11) NOT NULL,
  `userId` int(11) NOT NULL,
  `createdAt` datetime NOT NULL,
  `updatedAt` datetime NOT NULL
) ENGINE=InnoDB DEFAULT CHARSET=utf8mb4 COLLATE=utf8mb4_general_ci;

--
-- Dumping data for table `episodes`
--

INSERT INTO `episodes` (`id`, `uuid`, `episode`, `video_link`, `video_link1`, `video_link2`, `video_link3`, `video_link4`, `video_link5`, `animeId`, `userId`, `createdAt`, `updatedAt`) VALUES
(2, 'b5018621-507d-4342-bfef-9407933915de', 1, 'http://commondatastorage.googleapis.com/gtv-videos-bucket/sample/ForBiggerBlazes.mp4', 'http://commondatastorage.googleapis.com/gtv-videos-bucket/sample/ForBiggerEscapes.mp4', 'http://commondatastorage.googleapis.com/gtv-videos-bucket/sample/BigBuckBunny.mp4', 'http://commondatastorage.googleapis.com/gtv-videos-bucket/sample/ForBiggerEscapes.mp4', 'http://commondatastorage.googleapis.com/gtv-videos-bucket/sample/ForBiggerEscapes.mp4', 'http://commondatastorage.googleapis.com/gtv-videos-bucket/sample/ForBiggerEscapes.mp4', 1, 1, '2025-02-03 07:36:47', '2025-02-03 07:44:48'),
(3, '4a537e4e-30d6-4fdd-8cbb-91defc071fbb', 1, 'http://commondatastorage.googleapis.com/gtv-videos-bucket/sample/ForBiggerBlazes.mp4', '', '', '', '', '', 3, 1, '2025-02-03 07:54:50', '2025-02-03 07:54:50'),
(4, 'f6cdb741-00ee-4903-af89-ff30daa034cd', 1, 'http://commondatastorage.googleapis.com/gtv-videos-bucket/sample/BigBuckBunny.mp4', 'http://commondatastorage.googleapis.com/gtv-videos-bucket/sample/ElephantsDream.mp4', 'http://commondatastorage.googleapis.com/gtv-videos-bucket/sample/ForBiggerBlazes.mp4', 'http://commondatastorage.googleapis.com/gtv-videos-bucket/sample/ForBiggerEscapes.mp4', 'http://commondatastorage.googleapis.com/gtv-videos-bucket/sample/ForBiggerFun.mp4', 'http://commondatastorage.googleapis.com/gtv-videos-bucket/sample/ForBiggerJoyrides.mp4', 4, 1, '2025-02-03 08:13:47', '2025-02-03 08:16:43'),
(7, 'b9ce6a46-a229-43c2-81d8-4cc22c197382', 2, 'http://commondatastorage.googleapis.com/gtv-videos-bucket/sample/BigBuckBunny.mp4', 'http://commondatastorage.googleapis.com/gtv-videos-bucket/sample/BigBuckBunny.mp4', 'http://commondatastorage.googleapis.com/gtv-videos-bucket/sample/BigBuckBunny.mp4', '', '', '', 4, 1, '2025-02-05 06:03:13', '2025-02-05 06:03:13'),
(8, '8b4af45c-cecd-4136-b227-06940fedfbb2', 3, 'http://commondatastorage.googleapis.com/gtv-videos-bucket/sample/BigBuckBunny.mp4', '', '', '', '', '', 4, 1, '2025-02-05 07:31:32', '2025-02-05 07:31:32'),
(9, '38ba7623-bb48-4a1c-919e-5d0fd7364c25', 4, 'http://commondatastorage.googleapis.com/gtv-videos-bucket/sample/BigBuckBunny.mp4', '', '', '', '', '', 4, 1, '2025-02-05 08:21:18', '2025-02-05 08:21:18'),
(15, 'fcae9920-f17d-4cdc-bef4-b1011f1e361f', 2, 'http://commondatastorage.googleapis.com/gtv-videos-bucket/sample/ForBiggerBlazes.mp4', '', '', '', '', 'http://commondatastorage.googleapis.com/gtv-videos-bucket/sample/ForBiggerBlazes.mp4', 3, 1, '2025-02-06 05:08:53', '2025-02-06 05:08:53'),
(16, 'ae4c2645-6d0c-472e-81ec-52630affeb4d', 3, 'http://commondatastorage.googleapis.com/gtv-videos-bucket/sample/ForBiggerBlazes.mp4', '', '', '', '', '', 3, 1, '2025-02-06 05:09:01', '2025-02-06 05:09:01'),
(17, '5694d69d-1384-4443-972a-f8485db4a9bc', 4, 'http://commondatastorage.googleapis.com/gtv-videos-bucket/sample/ForBiggerBlazes.mp4', '', '', '', '', '', 3, 1, '2025-02-06 05:09:07', '2025-02-06 05:09:07'),
(20, '371f7aa6-90d6-4c76-9719-2b8e5bdac658', 5, 'http://commondatastorage.googleapis.com/gtv-videos-bucket/sample/ForBiggerBlazes.mp4', '', '', '', '', '', 3, 1, '2025-02-06 05:10:01', '2025-02-06 05:10:01'),
(21, '33b718ce-06af-4ce2-9b2d-fc1282b5acd8', 6, 'http://commondatastorage.googleapis.com/gtv-videos-bucket/sample/ForBiggerBlazes.mp4', '', '', '', '', '', 3, 1, '2025-02-06 05:10:08', '2025-02-06 05:10:08'),
(22, '6e2ed238-bcf9-4f26-a10b-a59f97faec1a', 7, 'http://commondatastorage.googleapis.com/gtv-videos-bucket/sample/ForBiggerBlazes.mp4', '', '', '', '', '', 3, 1, '2025-02-06 05:10:15', '2025-02-06 05:10:15'),
(23, '8eefa7b8-1a10-4bbb-9317-9fa1e6ede03b', 8, 'http://commondatastorage.googleapis.com/gtv-videos-bucket/sample/ForBiggerBlazes.mp4', '', '', '', '', '', 3, 1, '2025-02-06 05:10:22', '2025-02-06 05:10:22'),
(24, 'f805ef99-584f-4f67-a220-82b22b168e61', 9, 'http://commondatastorage.googleapis.com/gtv-videos-bucket/sample/ForBiggerBlazes.mp4', '', '', '', '', '', 3, 1, '2025-02-06 05:10:29', '2025-02-06 05:10:29'),
(25, '41487099-c427-432a-a8c9-2215bd6b704f', 10, 'http://commondatastorage.googleapis.com/gtv-videos-bucket/sample/ForBiggerBlazes.mp4', '', '', '', '', '', 3, 1, '2025-02-06 05:10:35', '2025-02-06 05:10:35'),
(26, '1da93685-8365-4fec-8f7f-37484147f505', 11, 'http://commondatastorage.googleapis.com/gtv-videos-bucket/sample/ForBiggerBlazes.mp4', '', '', '', '', '', 3, 1, '2025-02-06 05:10:42', '2025-02-06 05:10:42'),
(27, 'a01b9cac-da7b-43c8-abfc-ae454085e788', 12, 'http://commondatastorage.googleapis.com/gtv-videos-bucket/sample/ForBiggerBlazes.mp4', '', '', '', '', '', 3, 1, '2025-02-06 06:50:50', '2025-02-06 06:50:50'),
(28, '4adaab43-5255-4ef0-97ff-459e16a7b803', 1, 'http://commondatastorage.googleapis.com/gtv-videos-bucket/sample/ForBiggerBlazes.mp4', '', '', '', '', '', 5, 2, '2025-02-06 07:32:53', '2025-02-06 07:32:53'),
(29, '70e8de0d-6a2c-43e6-832c-ea89814175e7', 2, 'http://commondatastorage.googleapis.com/gtv-videos-bucket/sample/ForBiggerBlazes.mp4', '', '', '', '', '', 5, 2, '2025-02-07 06:59:13', '2025-02-07 06:59:13'),
(30, 'bb1282e9-923a-4aa9-b97c-a436831396aa', 3, 'http://commondatastorage.googleapis.com/gtv-videos-bucket/sample/ForBiggerBlazes.mp4', '', '', '', '', '', 5, 2, '2025-02-07 06:59:22', '2025-02-07 06:59:22'),
(31, '0f579235-080b-48b5-b5b0-b3b880c2137a', 4, 'http://commondatastorage.googleapis.com/gtv-videos-bucket/sample/ForBiggerBlazes.mp4', '', '', '', '', '', 5, 2, '2025-02-07 06:59:32', '2025-02-07 06:59:32'),
(32, 'f19b3072-a6c6-4c19-aa3e-2f123d4891dc', 5, 'http://commondatastorage.googleapis.com/gtv-videos-bucket/sample/ForBiggerBlazes.mp4', '', '', '', '', 'http://commondatastorage.googleapis.com/gtv-videos-bucket/sample/ForBiggerBlazes.mp4', 5, 2, '2025-02-07 06:59:42', '2025-02-07 06:59:42'),
(33, '044f96f5-747e-4ba6-94c3-373da972ebb3', 6, 'http://commondatastorage.googleapis.com/gtv-videos-bucket/sample/ForBiggerBlazes.mp4', 'http://commondatastorage.googleapis.com/gtv-videos-bucket/sample/ForBiggerBlazes.mp4', 'http://commondatastorage.googleapis.com/gtv-videos-bucket/sample/ForBiggerBlazes.mp4', '', '', '', 5, 2, '2025-02-07 07:00:04', '2025-02-07 07:00:04'),
(34, 'ca23dcde-d188-4825-ac9f-34afe3e68ca5', 7, 'http://commondatastorage.googleapis.com/gtv-videos-bucket/sample/ForBiggerBlazes.mp4', '', '', '', '', '', 5, 2, '2025-02-07 07:00:11', '2025-02-07 07:00:11'),
(35, 'b8bae222-9af7-459e-ae9c-3d6df790ab8f', 8, 'http://commondatastorage.googleapis.com/gtv-videos-bucket/sample/ForBiggerBlazes.mp4', '', '', '', '', '', 5, 2, '2025-02-07 07:00:21', '2025-02-07 07:00:21'),
(36, '36abb590-e02a-43e3-b0e1-ebca40423ec3', 9, 'http://commondatastorage.googleapis.com/gtv-videos-bucket/sample/ForBiggerBlazes.mp4', '', '', '', '', '', 5, 2, '2025-02-07 07:00:28', '2025-02-07 07:00:28'),
(37, '0b7943fd-4bf5-4cba-9c23-ab2e89384b4d', 10, 'http://commondatastorage.googleapis.com/gtv-videos-bucket/sample/ForBiggerBlazes.mp4', '', '', '', '', '', 5, 2, '2025-02-07 07:00:35', '2025-02-07 07:00:35'),
(38, '9d9416c9-e5cb-437e-baa2-9d280d0028f5', 11, 'http://commondatastorage.googleapis.com/gtv-videos-bucket/sample/ForBiggerBlazes.mp4', '', '', '', '', '', 5, 2, '2025-02-07 07:00:51', '2025-02-07 07:00:51'),
(39, 'f7d782ff-f6d0-474f-828c-e142cb35f4b0', 12, 'http://commondatastorage.googleapis.com/gtv-videos-bucket/sample/ForBiggerBlazes.mp4', 'https://anodana.com/play/blog.php?url=AD6v5dwdzXjuylQvkW6zdDH5ewrGAItrmlmiLk0qW9Ot0cRjHLhN21MzWx67a7WKYDDiai9HGd0I2gvx0gtuRwb6JrTe1Fvc0t61Qyf_W6XdWMm7rNhBYDmpu8To9rwWSqnDdDZqzag', '', '', '', 'http://commondatastorage.googleapis.com/gtv-videos-bucket/sample/ForBiggerBlazes.mp4', 5, 1, '2025-02-07 07:01:27', '2025-02-16 08:32:34'),
(43, '342c28ef-187a-4a0a-8a36-36e461888102', 1, 'https://www.yourupload.com/embed/1Pj3D127BG2O', '', '', '', '', '', 2, 1, '2025-02-22 07:48:58', '2025-02-22 08:00:21'),
(44, 'de7f035c-1c91-4b0b-836b-c95264c607dd', 2, 'https://www.yourupload.com/embed/AJ8qVgOE4VWk', '', '', '', '', '', 2, 1, '2025-02-22 08:13:50', '2025-02-22 08:13:50'),
(45, 'cd10f744-19f7-4576-b088-2790375a5f92', 3, 'https://www.yourupload.com/embed/RsdaCL1jtb7A', '', '', '', '', '', 2, 1, '2025-02-22 08:17:04', '2025-02-22 08:17:04'),
(46, '1935332e-828e-483c-829b-87c880f0da1f', 4, 'https://www.yourupload.com/embed/T4g5nupDq65p', '', '', '', '', '', 2, 1, '2025-02-22 08:17:18', '2025-02-22 08:17:18'),
(47, '10af00ca-22f9-48a9-b941-764c846a3b37', 5, 'https://www.yourupload.com/embed/d3Hn84y6vtli', '', '', '', '', '', 2, 1, '2025-02-22 08:17:40', '2025-02-22 08:17:40'),
(48, 'cbe14aac-2f8b-4bc8-9d8a-6210bb22930d', 6, 'https://www.yourupload.com/embed/UOm7vWdIeJxY', '', '', '', '', '', 2, 1, '2025-02-22 08:17:53', '2025-02-22 08:17:53'),
(49, '0fbc1c7c-9204-4869-b005-34179f787223', 7, 'https://www.yourupload.com/embed/153350M187B3', '', '', '', '', '', 2, 1, '2025-02-22 08:18:09', '2025-02-22 08:18:09'),
(50, 'b113935b-5d94-4ad5-8a26-2d2078fe3b00', 8, 'https://www.yourupload.com/embed/3i1e0pKB33w8', '', '', '', '', '', 2, 1, '2025-02-22 08:18:38', '2025-02-22 08:18:38'),
(51, '3f76cd14-c360-40cb-b033-8538a04a153e', 9, 'https://www.yourupload.com/embed/lmWSfs545Q3G', '', '', '', '', '', 2, 1, '2025-02-22 08:18:52', '2025-02-22 08:18:52'),
(52, '2421841f-9ee6-43f3-abf3-e1858020eeac', 10, 'https://www.yourupload.com/embed/cq8y78Y5rMTP', '', '', '', '', '', 2, 1, '2025-02-22 08:19:09', '2025-02-22 08:19:09'),
(53, '1481e56b-bcf2-4c5b-8b66-2d60a72a6174', 11, 'https://www.yourupload.com/embed/2Ltfy0jva1Pn', '', '', '', '', '', 2, 1, '2025-02-22 08:19:21', '2025-02-22 08:19:21'),
(54, 'a7f6ce4d-b6d9-4e0d-b481-3bbeead60895', 12, 'https://www.yourupload.com/embed/00U8372PNGd2', '', '', '', '', '', 2, 1, '2025-02-22 08:19:32', '2025-02-22 08:19:32'),
(55, '730506c6-ed20-4839-9726-c5c24743a27d', 13, 'https://www.yourupload.com/embed/qGaOQ4J2qw2o', '', '', '', '', '', 2, 1, '2025-02-22 08:19:47', '2025-02-22 08:19:47'),
(56, '81c4ec59-e85c-4055-88b7-7a3b3a577e62', 14, 'https://www.yourupload.com/embed/pWl7116NUCue', '', '', '', '', '', 2, 1, '2025-02-22 08:20:10', '2025-02-22 08:20:10'),
(57, '2dd77718-e6aa-4803-8009-3f305d393fd1', 15, 'https://www.yourupload.com/embed/QNJDq5FYNBbs', '', '', '', '', '', 2, 1, '2025-02-22 08:20:27', '2025-02-22 08:20:27'),
(58, '9f4d298d-ff86-432f-888c-a7b9759463c9', 16, 'https://www.yourupload.com/embed/AJpkAuJYtSJ7', '', '', '', '', '', 2, 1, '2025-02-22 08:20:39', '2025-02-22 08:20:39'),
(59, 'ca1a960a-c881-4f9f-ab97-96fde09b501a', 17, 'https://www.yourupload.com/embed/4Cl7Ff0Gyv86', '', '', '', '', '', 2, 1, '2025-02-22 08:20:55', '2025-02-22 08:20:55'),
(60, 'd854540e-55c9-4827-b04f-972e3b63ac87', 18, 'https://www.yourupload.com/embed/Oe5vGx36f2t2', '', '', '', '', '', 2, 1, '2025-02-22 08:21:18', '2025-02-22 08:21:18'),
(61, '25807b45-ecf9-4ceb-a1ff-bc11af41f7a0', 19, 'https://www.yourupload.com/embed/kp6y46VV1WwI', '', '', '', '', '', 2, 1, '2025-02-22 08:21:26', '2025-02-22 08:21:26'),
(62, 'a22e66d4-dcc7-4d0f-9140-e137d1193a46', 20, 'https://www.yourupload.com/embed/hrlaM747Yl45', '', '', '', '', '', 2, 1, '2025-02-22 08:21:41', '2025-02-22 08:21:41'),
(63, 'fda4781d-f453-44a0-9e5e-8fc790f910fb', 21, 'https://www.yourupload.com/embed/MspJ6Wx5jJ8j', '', '', '', '', '', 2, 1, '2025-02-22 08:21:54', '2025-02-22 08:21:54'),
(64, '6ffccf58-7053-4422-8902-a1d789ee0394', 22, 'https://www.yourupload.com/embed/V13DpW0dGVT1', '', '', '', '', '', 2, 1, '2025-02-22 08:22:06', '2025-02-22 08:22:06'),
(65, '2c6ee64d-1731-4b5a-870c-4a1c9738bdee', 23, 'https://www.yourupload.com/embed/mMY5187KThAL', '', '', '', '', '', 2, 1, '2025-02-22 08:22:20', '2025-02-22 08:22:20'),
(66, '4d34ec61-59c4-4dbd-94fa-2a49feb1a036', 24, 'https://www.yourupload.com/embed/64dSnF0gpR1F', '', '', '', '', '', 2, 1, '2025-02-22 08:22:33', '2025-02-22 08:22:33'),
(67, 'a326e841-86f8-4241-8f0d-459a91f702e3', 25, 'https://www.yourupload.com/embed/dj6W7TM7Wf5O', 'https://www.yourupload.com/embed/64dSnF0gpR1F', '', '', '', '', 2, 1, '2025-02-22 08:22:46', '2025-02-22 08:27:09'),
(71, 'bd413218-d586-44d6-8ad8-e668491a0bf5', 1, 'tes', '', '', '', '', '', 17, 1, '2025-02-25 08:55:40', '2025-02-25 08:55:40');

-- --------------------------------------------------------

--
-- Table structure for table `genres`
--

CREATE TABLE `genres` (
  `id` int(11) NOT NULL,
  `uuid` varchar(255) NOT NULL,
  `name` varchar(255) NOT NULL,
  `userId` int(11) NOT NULL,
  `createdAt` datetime NOT NULL,
  `updatedAt` datetime NOT NULL
) ENGINE=InnoDB DEFAULT CHARSET=utf8mb4 COLLATE=utf8mb4_general_ci;

--
-- Dumping data for table `genres`
--

INSERT INTO `genres` (`id`, `uuid`, `name`, `userId`, `createdAt`, `updatedAt`) VALUES
(1, 'ef472e87-618f-4a2f-8818-d00c22756279', 'Adventure', 1, '2025-02-03 07:11:50', '2025-02-03 07:11:50'),
(2, '99557ad9-f65a-490f-aaf5-90764d8ff186', 'Game', 1, '2025-02-03 07:11:55', '2025-02-03 07:11:55'),
(3, '10708812-60e5-40a2-8c36-f0beff316b13', 'Comedy', 1, '2025-02-07 07:17:26', '2025-02-07 07:17:26'),
(4, '9f73c590-6226-4acf-85af-5fe5aa334036', 'Demons', 1, '2025-02-07 07:17:31', '2025-02-07 07:17:31'),
(5, 'a6ac97d9-8d8e-48a4-b5b2-ad69fe05045d', 'Drama', 1, '2025-02-07 07:17:35', '2025-02-07 07:17:35'),
(6, '4e6779f5-b46c-48b1-9580-3ab641f599a2', 'Fantasy', 1, '2025-02-07 07:17:47', '2025-02-07 07:17:47'),
(7, '32160d1a-63b8-46b6-8a75-d3585f6cac94', 'Horror', 1, '2025-02-07 07:17:53', '2025-02-07 07:17:53'),
(8, 'c64c94f5-6892-4e42-b31f-81c2d0188b52', 'Ecchi', 1, '2025-02-07 08:00:08', '2025-02-07 08:00:08'),
(9, '56540220-38d2-43c6-a3dc-c1a9caac73f3', 'Harem', 1, '2025-02-07 08:00:17', '2025-02-07 08:00:17'),
(10, '17049559-c0fd-48ad-9e70-a08730cacd9b', 'Historical', 1, '2025-02-07 08:00:24', '2025-02-07 08:00:24'),
(11, '4f11526c-e773-4380-a89d-0538611e3d78', 'Josei', 1, '2025-02-07 08:00:32', '2025-02-07 08:00:32'),
(12, 'fe16bdce-8870-41fc-82db-000618a09ff1', 'Magic', 1, '2025-02-07 08:00:36', '2025-02-07 08:00:36'),
(13, '1553f21c-789d-49e4-8c0d-3db0977bd0ea', 'Martial Arts', 1, '2025-02-07 08:00:42', '2025-02-07 08:00:42'),
(14, '892e1012-3d1a-4a3c-9b60-4167c4fcbef5', 'Mecha', 1, '2025-02-07 08:00:51', '2025-02-07 08:00:51'),
(15, 'dcc1cad9-5269-4ebf-a0fc-07c68e60d8d7', 'Military', 1, '2025-02-07 08:00:55', '2025-02-07 08:00:55'),
(16, '8a381307-772d-44a6-857d-42956b5e7ebf', 'Music', 1, '2025-02-07 08:01:08', '2025-02-07 08:01:08'),
(17, 'c8cd9b79-9664-4b79-a070-6bf2f628951c', 'Mystery', 1, '2025-02-07 08:01:12', '2025-02-07 08:01:12'),
(18, 'fc801979-670b-481c-922d-776fe49a884d', 'Psychological', 1, '2025-02-07 08:01:25', '2025-02-22 10:44:33'),
(19, '3429e2d8-cb47-4103-9f8a-867b24efb04b', 'Parody', 1, '2025-02-07 08:01:42', '2025-02-07 08:01:42'),
(20, '54fef881-1188-43fb-a7cd-e4553527e2b4', 'Police', 1, '2025-02-07 08:01:49', '2025-02-07 08:01:49'),
(21, '92e25929-2739-4fea-b619-dde22e6864f8', 'Romance', 1, '2025-02-07 08:01:53', '2025-02-07 08:01:53'),
(22, 'a14d462e-7af1-4fb8-ae47-d68c09fd8edf', 'Action', 1, '2025-02-07 08:03:05', '2025-02-07 08:03:05'),
(23, '63054f5b-9deb-4396-9c04-1bbf13563dad', 'Samurai', 1, '2025-02-07 08:03:37', '2025-02-07 08:03:37'),
(24, '46adefbd-82c2-4596-b425-83cd0fead0d6', 'School', 1, '2025-02-07 08:03:41', '2025-02-07 08:03:41'),
(25, 'c48ddbb4-12a2-4803-89f9-ffc0b560edad', 'Sci-Fi', 1, '2025-02-07 08:03:49', '2025-02-07 08:03:49'),
(26, '06c45768-1d99-4358-a6c0-f829336067c0', 'Seinen', 1, '2025-02-07 08:03:57', '2025-02-07 08:03:57'),
(27, '8d8e53d7-5bb6-4405-a1a5-cd2814ad10da', 'Shoujo', 1, '2025-02-07 08:04:04', '2025-02-07 08:04:04'),
(28, 'ef140431-31b1-4676-b5ef-5d101dc2be63', 'Shoujo Ai', 1, '2025-02-07 08:04:14', '2025-02-07 08:04:14'),
(29, '298f7a0c-f2fc-4c6d-9de0-e9452520bed0', 'Shounen', 1, '2025-02-07 08:04:22', '2025-02-07 08:04:22'),
(30, '44ae609d-d5b3-4b99-9b55-e96ea6deab5a', 'Slice of Life', 1, '2025-02-07 08:04:29', '2025-02-07 08:04:29'),
(31, '23fc7dfc-198c-4c83-b1e1-8baf188faa6c', 'Sports', 1, '2025-02-07 08:04:39', '2025-02-07 08:04:39'),
(32, '9fe2fec2-c8a8-4adb-8aab-4231b2a673fb', 'Space', 1, '2025-02-07 08:04:44', '2025-02-07 08:04:44'),
(33, '778e2803-c04b-47b6-8975-454eabcd5a46', 'Super Power', 1, '2025-02-07 08:04:53', '2025-02-07 08:04:53'),
(34, '3fb9d28f-fc69-4728-bedc-348791f51ba6', 'Supernatural', 1, '2025-02-07 08:04:58', '2025-02-07 08:04:58'),
(35, 'd8d4eb73-c307-4f07-a38b-67770d66a436', 'Thriller', 1, '2025-02-07 08:05:06', '2025-02-07 08:05:06'),
(36, '4dc2adc4-29f1-421f-89b3-889e66a30d08', 'Vampire', 1, '2025-02-07 08:05:10', '2025-02-07 08:05:10');

-- --------------------------------------------------------

--
-- Table structure for table `sessions`
--

CREATE TABLE `sessions` (
  `sid` varchar(36) NOT NULL,
  `expires` datetime DEFAULT NULL,
  `data` text DEFAULT NULL,
  `createdAt` datetime NOT NULL,
  `updatedAt` datetime NOT NULL
) ENGINE=InnoDB DEFAULT CHARSET=utf8mb4 COLLATE=utf8mb4_general_ci;

--
-- Dumping data for table `sessions`
--

INSERT INTO `sessions` (`sid`, `expires`, `data`, `createdAt`, `updatedAt`) VALUES
('-7p7CK9zkZ1do8GkWjnzMbrXOA6QZ8FA', '2025-02-26 09:51:27', '{\"cookie\":{\"originalMaxAge\":null,\"expires\":null,\"secure\":false,\"httpOnly\":true,\"path\":\"/\"}}', '2025-02-25 09:51:27', '2025-02-25 09:51:27'),
('-aw0v5lKU92LMJarIBIIFXLxh_ZLMlLt', '2025-02-26 08:28:49', '{\"cookie\":{\"originalMaxAge\":null,\"expires\":null,\"secure\":false,\"httpOnly\":true,\"path\":\"/\"}}', '2025-02-25 08:28:49', '2025-02-25 08:28:49'),
('-BDeSHPPVzqtBBt0ThL89vR3E4OmwVBJ', '2025-02-26 06:57:42', '{\"cookie\":{\"originalMaxAge\":null,\"expires\":null,\"secure\":false,\"httpOnly\":true,\"path\":\"/\"}}', '2025-02-25 06:57:42', '2025-02-25 06:57:42'),
('-BLBkS9nQdrgpn4AZ4DymUWuwmG1ZJOF', '2025-02-26 08:51:15', '{\"cookie\":{\"originalMaxAge\":null,\"expires\":null,\"secure\":false,\"httpOnly\":true,\"path\":\"/\"}}', '2025-02-25 08:51:15', '2025-02-25 08:51:15'),
('-O-vnGGWbp7t5JROH9U1qYYiih0a2M3U', '2025-02-26 11:24:32', '{\"cookie\":{\"originalMaxAge\":null,\"expires\":null,\"secure\":false,\"httpOnly\":true,\"path\":\"/\"}}', '2025-02-25 11:24:32', '2025-02-25 11:24:32'),
('-tl8AsOF5mOVa2G2G_7BsgjfegCkkrO0', '2025-02-26 09:51:42', '{\"cookie\":{\"originalMaxAge\":null,\"expires\":null,\"secure\":false,\"httpOnly\":true,\"path\":\"/\"}}', '2025-02-25 09:51:42', '2025-02-25 09:51:42'),
('-tpBVtgm9GwWnEkvtTo3SUW4s_B2yxrP', '2025-02-26 10:52:34', '{\"cookie\":{\"originalMaxAge\":null,\"expires\":null,\"secure\":false,\"httpOnly\":true,\"path\":\"/\"}}', '2025-02-25 10:52:34', '2025-02-25 10:52:34'),
('-v-QPYcx_P5LLS_15agVrkjEhY28CCPb', '2025-02-26 09:49:50', '{\"cookie\":{\"originalMaxAge\":null,\"expires\":null,\"secure\":false,\"httpOnly\":true,\"path\":\"/\"}}', '2025-02-25 09:49:50', '2025-02-25 09:49:50'),
('-WV419_EFK7y5cfxkcu-plYHZBppFiJY', '2025-02-26 08:48:31', '{\"cookie\":{\"originalMaxAge\":null,\"expires\":null,\"secure\":false,\"httpOnly\":true,\"path\":\"/\"}}', '2025-02-25 08:48:31', '2025-02-25 08:48:31'),
('-XUGa0uc5T0UR4K9o6bkRM3qzFTBYTKR', '2025-02-26 08:36:18', '{\"cookie\":{\"originalMaxAge\":null,\"expires\":null,\"secure\":false,\"httpOnly\":true,\"path\":\"/\"}}', '2025-02-25 08:36:18', '2025-02-25 08:36:18'),
('0ItqLkMVArFt-p2wU6gThTlA39HCwsNt', '2025-02-26 08:48:37', '{\"cookie\":{\"originalMaxAge\":null,\"expires\":null,\"secure\":false,\"httpOnly\":true,\"path\":\"/\"}}', '2025-02-25 08:48:37', '2025-02-25 08:48:37'),
('0R1Xgk9oUAxek8V6GIhvk6tCBJUrp8ia', '2025-02-26 06:57:40', '{\"cookie\":{\"originalMaxAge\":null,\"expires\":null,\"secure\":false,\"httpOnly\":true,\"path\":\"/\"}}', '2025-02-25 06:57:40', '2025-02-25 06:57:40'),
('0TELQ3gXSKH2V2BV38ALcRUS_Zhyw_rW', '2025-02-26 08:41:02', '{\"cookie\":{\"originalMaxAge\":null,\"expires\":null,\"secure\":false,\"httpOnly\":true,\"path\":\"/\"}}', '2025-02-25 08:41:02', '2025-02-25 08:41:02'),
('0uCbBk7-DyTQ53d3Q9h_cr9cLdocDP3Y', '2025-02-26 08:48:12', '{\"cookie\":{\"originalMaxAge\":null,\"expires\":null,\"secure\":false,\"httpOnly\":true,\"path\":\"/\"}}', '2025-02-25 08:48:12', '2025-02-25 08:48:12'),
('0WdMjJJX4SVkHci9_R6OWsPQLvBV4mdC', '2025-02-26 08:57:43', '{\"cookie\":{\"originalMaxAge\":null,\"expires\":null,\"secure\":false,\"httpOnly\":true,\"path\":\"/\"}}', '2025-02-25 08:57:43', '2025-02-25 08:57:43'),
('1ZkR3ZWFdeBQqiCGUmMA5W2M5atiTRBZ', '2025-02-26 06:58:22', '{\"cookie\":{\"originalMaxAge\":null,\"expires\":null,\"secure\":false,\"httpOnly\":true,\"path\":\"/\"}}', '2025-02-25 06:58:22', '2025-02-25 06:58:22'),
('25DlNAqE5Ugub1-QHgHkiXcbal-H6Mb4', '2025-02-26 10:52:28', '{\"cookie\":{\"originalMaxAge\":null,\"expires\":null,\"secure\":false,\"httpOnly\":true,\"path\":\"/\"}}', '2025-02-25 10:52:28', '2025-02-25 10:52:28'),
('2ca4SgshCYBQjMBAKym65ZO84mUcKdrA', '2025-02-26 08:51:39', '{\"cookie\":{\"originalMaxAge\":null,\"expires\":null,\"secure\":false,\"httpOnly\":true,\"path\":\"/\"}}', '2025-02-25 08:51:39', '2025-02-25 08:51:39'),
('2foReHu_bLuUP0obTDHWUK2lSQDquLmr', '2025-02-26 08:51:45', '{\"cookie\":{\"originalMaxAge\":null,\"expires\":null,\"secure\":false,\"httpOnly\":true,\"path\":\"/\"}}', '2025-02-25 08:51:45', '2025-02-25 08:51:45'),
('2pZj2v-kjbX-WypjABqF6sK3lgMh0OJ7', '2025-02-26 08:55:36', '{\"cookie\":{\"originalMaxAge\":null,\"expires\":null,\"secure\":false,\"httpOnly\":true,\"path\":\"/\"}}', '2025-02-25 08:55:36', '2025-02-25 08:55:36'),
('2sdMTLeTF7zkCJExjZ9pkFZlV9gEiIWP', '2025-02-26 08:36:35', '{\"cookie\":{\"originalMaxAge\":null,\"expires\":null,\"secure\":false,\"httpOnly\":true,\"path\":\"/\"}}', '2025-02-25 08:36:35', '2025-02-25 08:36:35'),
('38833Z39ud9oCz8G9TuszV7u1uKKbYOO', '2025-02-26 08:55:40', '{\"cookie\":{\"originalMaxAge\":null,\"expires\":null,\"secure\":false,\"httpOnly\":true,\"path\":\"/\"}}', '2025-02-25 08:55:40', '2025-02-25 08:55:40'),
('3ludSSvmeGF3eiMImIY2TPnpmvqu_YdG', '2025-02-26 11:35:49', '{\"cookie\":{\"originalMaxAge\":null,\"expires\":null,\"secure\":false,\"httpOnly\":true,\"path\":\"/\"}}', '2025-02-25 11:35:49', '2025-02-25 11:35:49'),
('3MGfP3ldY81HlArVwKXPvXBjKYok6G3t', '2025-02-26 08:50:17', '{\"cookie\":{\"originalMaxAge\":null,\"expires\":null,\"secure\":false,\"httpOnly\":true,\"path\":\"/\"}}', '2025-02-25 08:50:17', '2025-02-25 08:50:17'),
('3qy5zoJjKHxsDQ5rAe5x0icZ9Ntdmb_t', '2025-02-26 08:29:16', '{\"cookie\":{\"originalMaxAge\":null,\"expires\":null,\"secure\":false,\"httpOnly\":true,\"path\":\"/\"}}', '2025-02-25 08:29:16', '2025-02-25 08:29:16'),
('3rSFbvbFWAqQ5Q7fZeGfc5-TN_6RZsqj', '2025-02-26 08:48:12', '{\"cookie\":{\"originalMaxAge\":null,\"expires\":null,\"secure\":false,\"httpOnly\":true,\"path\":\"/\"}}', '2025-02-25 08:48:12', '2025-02-25 08:48:12'),
('3uOzQwoveC87OqAHGiyzcU_dcvx0C0uE', '2025-02-26 08:50:58', '{\"cookie\":{\"originalMaxAge\":null,\"expires\":null,\"secure\":false,\"httpOnly\":true,\"path\":\"/\"}}', '2025-02-25 08:50:58', '2025-02-25 08:50:58'),
('4NshUVc0P9lvYX-tMbiuQsDkkodFekjP', '2025-02-26 06:57:54', '{\"cookie\":{\"originalMaxAge\":null,\"expires\":null,\"secure\":false,\"httpOnly\":true,\"path\":\"/\"}}', '2025-02-25 06:57:54', '2025-02-25 06:57:54'),
('4pg9jb8MtyXSWP1xS6cBa4AUGrP5gjrT', '2025-02-26 08:48:06', '{\"cookie\":{\"originalMaxAge\":null,\"expires\":null,\"secure\":false,\"httpOnly\":true,\"path\":\"/\"}}', '2025-02-25 08:48:06', '2025-02-25 08:48:06'),
('4PvObxlg4pOdBFTJC9lnWJ8szCC7rEyD', '2025-02-26 06:57:40', '{\"cookie\":{\"originalMaxAge\":null,\"expires\":null,\"secure\":false,\"httpOnly\":true,\"path\":\"/\"}}', '2025-02-25 06:57:40', '2025-02-25 06:57:40'),
('4t9o2-gcZO04UY7JzvqXWz-Er4o97AGG', '2025-02-26 08:51:45', '{\"cookie\":{\"originalMaxAge\":null,\"expires\":null,\"secure\":false,\"httpOnly\":true,\"path\":\"/\"}}', '2025-02-25 08:51:45', '2025-02-25 08:51:45'),
('4vqMLjTJbMpMPiy7IE4gtqD5PE666zdy', '2025-02-26 10:41:58', '{\"cookie\":{\"originalMaxAge\":null,\"expires\":null,\"secure\":false,\"httpOnly\":true,\"path\":\"/\"}}', '2025-02-25 10:41:58', '2025-02-25 10:41:58'),
('55cNGN1Z2TjkoVa6TFS86ze8tqHNFUiV', '2025-02-26 09:52:41', '{\"cookie\":{\"originalMaxAge\":null,\"expires\":null,\"secure\":false,\"httpOnly\":true,\"path\":\"/\"}}', '2025-02-25 09:52:41', '2025-02-25 09:52:41'),
('595SAqbKBLFDQoEVMgRvauNCVpauwTi9', '2025-02-26 11:40:59', '{\"cookie\":{\"originalMaxAge\":null,\"expires\":null,\"secure\":false,\"httpOnly\":true,\"path\":\"/\"}}', '2025-02-25 11:40:59', '2025-02-25 11:40:59'),
('59SCMPnzuCnFp_POyWpUpY2DSnHIIA7J', '2025-02-26 08:50:52', '{\"cookie\":{\"originalMaxAge\":null,\"expires\":null,\"secure\":false,\"httpOnly\":true,\"path\":\"/\"}}', '2025-02-25 08:50:52', '2025-02-25 08:50:52'),
('5EFrIEyTI8eSLT6nPJdTyjcJ40GN5LlD', '2025-02-26 10:05:37', '{\"cookie\":{\"originalMaxAge\":null,\"expires\":null,\"secure\":false,\"httpOnly\":true,\"path\":\"/\"}}', '2025-02-25 10:05:37', '2025-02-25 10:05:37'),
('5IgypvIqOCSKECK-5Z69X6Qw_T2v6hwj', '2025-02-26 08:40:48', '{\"cookie\":{\"originalMaxAge\":null,\"expires\":null,\"secure\":false,\"httpOnly\":true,\"path\":\"/\"}}', '2025-02-25 08:40:48', '2025-02-25 08:40:48'),
('5n8vESJ5JZYUXWko_MbwSqhs10pnFMlX', '2025-02-26 08:51:50', '{\"cookie\":{\"originalMaxAge\":null,\"expires\":null,\"secure\":false,\"httpOnly\":true,\"path\":\"/\"}}', '2025-02-25 08:51:50', '2025-02-25 08:51:50'),
('5t2p1M7mvJz0dtdwdQM0ZPdsMLtNjzJn', '2025-02-26 08:55:21', '{\"cookie\":{\"originalMaxAge\":null,\"expires\":null,\"secure\":false,\"httpOnly\":true,\"path\":\"/\"}}', '2025-02-25 08:55:21', '2025-02-25 08:55:21'),
('5W1LSaBChF-bxcqQgtgUnWf_c6xBb00q', '2025-02-26 11:18:38', '{\"cookie\":{\"originalMaxAge\":null,\"expires\":null,\"secure\":false,\"httpOnly\":true,\"path\":\"/\"}}', '2025-02-25 11:18:38', '2025-02-25 11:18:38'),
('5wmGZxRUl9ZuRH-1aIqZEpW7rPsD9hS0', '2025-02-26 08:36:24', '{\"cookie\":{\"originalMaxAge\":null,\"expires\":null,\"secure\":false,\"httpOnly\":true,\"path\":\"/\"}}', '2025-02-25 08:36:24', '2025-02-25 08:36:24'),
('6271qGLFtciXeyXYGem6WuR4sK7tse0G', '2025-02-26 09:46:23', '{\"cookie\":{\"originalMaxAge\":null,\"expires\":null,\"secure\":false,\"httpOnly\":true,\"path\":\"/\"}}', '2025-02-25 09:46:23', '2025-02-25 09:46:23'),
('62YxR9Pfd0lXb9Gnxq_j2IH4d-YjqlUr', '2025-02-26 10:05:37', '{\"cookie\":{\"originalMaxAge\":null,\"expires\":null,\"secure\":false,\"httpOnly\":true,\"path\":\"/\"}}', '2025-02-25 10:05:37', '2025-02-25 10:05:37'),
('6fpkll9_86LNKq3obCaUKUZcGXaCzuqF', '2025-02-26 06:58:05', '{\"cookie\":{\"originalMaxAge\":null,\"expires\":null,\"secure\":false,\"httpOnly\":true,\"path\":\"/\"}}', '2025-02-25 06:58:05', '2025-02-25 06:58:05'),
('6GrqaxR6HsfGU60pOQ8OUJ1N24qaXZMk', '2025-02-26 08:10:18', '{\"cookie\":{\"originalMaxAge\":null,\"expires\":null,\"secure\":false,\"httpOnly\":true,\"path\":\"/\"}}', '2025-02-25 08:10:18', '2025-02-25 08:10:18'),
('6GYG8-B8frkYlLWoHaf-UJTwRBXWAfu4', '2025-02-26 09:46:20', '{\"cookie\":{\"originalMaxAge\":null,\"expires\":null,\"secure\":false,\"httpOnly\":true,\"path\":\"/\"}}', '2025-02-25 09:46:20', '2025-02-25 09:46:20'),
('6yhTYuiV2eMLhNyPF6KzDEXAN6DhAzZy', '2025-02-26 08:50:17', '{\"cookie\":{\"originalMaxAge\":null,\"expires\":null,\"secure\":false,\"httpOnly\":true,\"path\":\"/\"}}', '2025-02-25 08:50:17', '2025-02-25 08:50:17'),
('71OYbicTnfuMXP9rDhUtkv2FfaPjCbp8', '2025-02-26 10:31:50', '{\"cookie\":{\"originalMaxAge\":null,\"expires\":null,\"secure\":false,\"httpOnly\":true,\"path\":\"/\"}}', '2025-02-25 10:31:50', '2025-02-25 10:31:50'),
('75-ISRDec79KodMJA5qNCEChdpuGXpWs', '2025-02-26 11:35:48', '{\"cookie\":{\"originalMaxAge\":null,\"expires\":null,\"secure\":false,\"httpOnly\":true,\"path\":\"/\"}}', '2025-02-25 11:35:48', '2025-02-25 11:35:48'),
('7AktZPuMwm54Jai2LzPQ6-qg14bvdWI8', '2025-02-26 09:46:21', '{\"cookie\":{\"originalMaxAge\":null,\"expires\":null,\"secure\":false,\"httpOnly\":true,\"path\":\"/\"}}', '2025-02-25 09:46:21', '2025-02-25 09:46:21'),
('7BnsndDu3obr5WrmWWk5LB2Dw4CjsEet', '2025-02-26 10:03:28', '{\"cookie\":{\"originalMaxAge\":null,\"expires\":null,\"secure\":false,\"httpOnly\":true,\"path\":\"/\"}}', '2025-02-25 10:03:28', '2025-02-25 10:03:28'),
('7gtTz4DKg6w7FPBkhNeaubgbeO3et12q', '2025-02-26 09:48:15', '{\"cookie\":{\"originalMaxAge\":null,\"expires\":null,\"secure\":false,\"httpOnly\":true,\"path\":\"/\"}}', '2025-02-25 09:48:15', '2025-02-25 09:48:15'),
('7hHZ4z9ek0h_h_yWclfs_d_XOU-ntXjh', '2025-02-26 10:09:30', '{\"cookie\":{\"originalMaxAge\":null,\"expires\":null,\"secure\":false,\"httpOnly\":true,\"path\":\"/\"}}', '2025-02-25 10:09:30', '2025-02-25 10:09:30'),
('7IQFhD1LXpHlIGjGxWdukcdNHPzV0Eir', '2025-02-26 09:07:32', '{\"cookie\":{\"originalMaxAge\":null,\"expires\":null,\"secure\":false,\"httpOnly\":true,\"path\":\"/\"}}', '2025-02-25 09:07:32', '2025-02-25 09:07:32'),
('7KDffRawPUHET8eEPBvmv9FopLY2trfI', '2025-02-26 08:51:42', '{\"cookie\":{\"originalMaxAge\":null,\"expires\":null,\"secure\":false,\"httpOnly\":true,\"path\":\"/\"}}', '2025-02-25 08:51:42', '2025-02-25 08:51:42'),
('7u6c1Wqyb3B94wwu12tZidj0naspwYSQ', '2025-02-26 11:40:59', '{\"cookie\":{\"originalMaxAge\":null,\"expires\":null,\"secure\":false,\"httpOnly\":true,\"path\":\"/\"}}', '2025-02-25 11:40:59', '2025-02-25 11:40:59'),
('7Uny0OHeJiLVmrTvTagwbPzvJ4uWW-fK', '2025-02-26 10:06:48', '{\"cookie\":{\"originalMaxAge\":null,\"expires\":null,\"secure\":false,\"httpOnly\":true,\"path\":\"/\"}}', '2025-02-25 10:06:48', '2025-02-25 10:06:48'),
('7xj_P_F8bQ6ibhQSsCZncXof01MAVKDh', '2025-02-26 10:42:05', '{\"cookie\":{\"originalMaxAge\":null,\"expires\":null,\"secure\":false,\"httpOnly\":true,\"path\":\"/\"}}', '2025-02-25 10:42:05', '2025-02-25 10:42:05'),
('7xrCiiG0YSl4qn0t9R0dC3NfQYBuf0n_', '2025-02-26 08:10:00', '{\"cookie\":{\"originalMaxAge\":null,\"expires\":null,\"secure\":false,\"httpOnly\":true,\"path\":\"/\"}}', '2025-02-25 08:10:00', '2025-02-25 08:10:00'),
('8cN31hL6aO1T3ozCFzOAhNA_YJRsyFT6', '2025-02-26 06:57:46', '{\"cookie\":{\"originalMaxAge\":null,\"expires\":null,\"secure\":false,\"httpOnly\":true,\"path\":\"/\"}}', '2025-02-25 06:57:46', '2025-02-25 06:57:46'),
('8GwBWNPmLwLR-7weL4a_hn-mqC_wTSGj', '2025-02-26 10:46:26', '{\"cookie\":{\"originalMaxAge\":null,\"expires\":null,\"secure\":false,\"httpOnly\":true,\"path\":\"/\"}}', '2025-02-25 10:46:26', '2025-02-25 10:46:26'),
('8jtyuP30UlSqMfp6aBHSyjEwaoN_yVMr', '2025-02-26 09:00:57', '{\"cookie\":{\"originalMaxAge\":null,\"expires\":null,\"secure\":false,\"httpOnly\":true,\"path\":\"/\"}}', '2025-02-25 09:00:57', '2025-02-25 09:00:57'),
('8LDHTp-iCP3GHTQHb0oEc3r4nRNxHxZp', '2025-02-26 11:44:43', '{\"cookie\":{\"originalMaxAge\":null,\"expires\":null,\"secure\":false,\"httpOnly\":true,\"path\":\"/\"}}', '2025-02-25 11:44:43', '2025-02-25 11:44:43'),
('8oKA47f6FZZ9_zCCwhf0D9PT1LnsB3yt', '2025-02-26 09:04:46', '{\"cookie\":{\"originalMaxAge\":null,\"expires\":null,\"secure\":false,\"httpOnly\":true,\"path\":\"/\"}}', '2025-02-25 09:04:46', '2025-02-25 09:04:46'),
('8PRsz-59TYXxOuq2qZO3S4AoG4cWbIuM', '2025-02-26 08:48:30', '{\"cookie\":{\"originalMaxAge\":null,\"expires\":null,\"secure\":false,\"httpOnly\":true,\"path\":\"/\"}}', '2025-02-25 08:48:30', '2025-02-25 08:48:30'),
('8RpgGABvBq-48wrJZAQHe_p8xR5_ycoY', '2025-02-26 08:27:46', '{\"cookie\":{\"originalMaxAge\":null,\"expires\":null,\"secure\":false,\"httpOnly\":true,\"path\":\"/\"}}', '2025-02-25 08:27:46', '2025-02-25 08:27:46'),
('8W6Ljl_q-dMVDepsZyHEsGec9C9aples', '2025-02-26 08:34:10', '{\"cookie\":{\"originalMaxAge\":null,\"expires\":null,\"secure\":false,\"httpOnly\":true,\"path\":\"/\"}}', '2025-02-25 08:34:10', '2025-02-25 08:34:10'),
('8z_rPL1B_5BoBFqogiaoPWxoXcIO4Jcl', '2025-02-26 11:42:30', '{\"cookie\":{\"originalMaxAge\":null,\"expires\":null,\"secure\":false,\"httpOnly\":true,\"path\":\"/\"}}', '2025-02-25 11:42:30', '2025-02-25 11:42:30'),
('96Jdtx96LJPj3FbtUL1WEZcczUnlFn54', '2025-02-26 08:09:56', '{\"cookie\":{\"originalMaxAge\":null,\"expires\":null,\"secure\":false,\"httpOnly\":true,\"path\":\"/\"}}', '2025-02-25 08:09:56', '2025-02-25 08:09:56'),
('9Bc1TBDu-sqmBzRAahQUYA9zAAxYt5AD', '2025-02-26 09:59:59', '{\"cookie\":{\"originalMaxAge\":null,\"expires\":null,\"secure\":false,\"httpOnly\":true,\"path\":\"/\"}}', '2025-02-25 09:59:59', '2025-02-25 09:59:59'),
('9F8IVUfN_oSoZ0pWAyvKqz-TYrWYKSPo', '2025-02-26 09:04:52', '{\"cookie\":{\"originalMaxAge\":null,\"expires\":null,\"secure\":false,\"httpOnly\":true,\"path\":\"/\"}}', '2025-02-25 09:04:52', '2025-02-25 09:04:52'),
('9ljs4EdfEo4eKxy7r7ZVZwIfKjUOALya', '2025-02-26 09:01:03', '{\"cookie\":{\"originalMaxAge\":null,\"expires\":null,\"secure\":false,\"httpOnly\":true,\"path\":\"/\"}}', '2025-02-25 09:01:03', '2025-02-25 09:01:03'),
('9tS5HR8jPcrBm9cZa_2ohzsQQYxMpOzy', '2025-02-26 06:58:29', '{\"cookie\":{\"originalMaxAge\":null,\"expires\":null,\"secure\":false,\"httpOnly\":true,\"path\":\"/\"}}', '2025-02-25 06:58:29', '2025-02-25 06:58:29'),
('a-DASX4UfQ11txrE9m0-U2lkpmMP4qhM', '2025-02-26 09:57:35', '{\"cookie\":{\"originalMaxAge\":null,\"expires\":null,\"secure\":false,\"httpOnly\":true,\"path\":\"/\"}}', '2025-02-25 09:57:35', '2025-02-25 09:57:35'),
('a07Ym9Gy0VoxpnthQCrvL-_5T1ySKL7l', '2025-02-26 08:52:18', '{\"cookie\":{\"originalMaxAge\":null,\"expires\":null,\"secure\":false,\"httpOnly\":true,\"path\":\"/\"}}', '2025-02-25 08:52:18', '2025-02-25 08:52:18'),
('aElJF3FR2PRZzP9vR7Vnn3Snyoh-R-xN', '2025-02-26 08:57:07', '{\"cookie\":{\"originalMaxAge\":null,\"expires\":null,\"secure\":false,\"httpOnly\":true,\"path\":\"/\"}}', '2025-02-25 08:57:07', '2025-02-25 08:57:07'),
('aF-ulTZGX4EscbMEPihOg13mYm_9WVbF', '2025-02-26 08:35:45', '{\"cookie\":{\"originalMaxAge\":null,\"expires\":null,\"secure\":false,\"httpOnly\":true,\"path\":\"/\"}}', '2025-02-25 08:35:45', '2025-02-25 08:35:45'),
('ahihA6EXFf4fqdYq2VGR2j5kzw0QPoGv', '2025-02-26 08:55:36', '{\"cookie\":{\"originalMaxAge\":null,\"expires\":null,\"secure\":false,\"httpOnly\":true,\"path\":\"/\"}}', '2025-02-25 08:55:36', '2025-02-25 08:55:36'),
('aQgI-Dw8hSL5896LatRzth3-KcMKdCC7', '2025-02-26 08:51:39', '{\"cookie\":{\"originalMaxAge\":null,\"expires\":null,\"secure\":false,\"httpOnly\":true,\"path\":\"/\"}}', '2025-02-25 08:51:39', '2025-02-25 08:51:39'),
('aRiKM_McGhj5g4npmmDiMwLj1ZVOAZTh', '2025-02-26 09:53:37', '{\"cookie\":{\"originalMaxAge\":null,\"expires\":null,\"secure\":false,\"httpOnly\":true,\"path\":\"/\"}}', '2025-02-25 09:53:37', '2025-02-25 09:53:37'),
('ArRgXWzgf_OZbZNi_8Jir1S0lh5Z-iSy', '2025-02-26 09:50:31', '{\"cookie\":{\"originalMaxAge\":null,\"expires\":null,\"secure\":false,\"httpOnly\":true,\"path\":\"/\"}}', '2025-02-25 09:50:31', '2025-02-25 09:50:31'),
('AsQbMEkCBc8vwTvDFCQcS7kl73-Tvh_E', '2025-02-26 08:55:21', '{\"cookie\":{\"originalMaxAge\":null,\"expires\":null,\"secure\":false,\"httpOnly\":true,\"path\":\"/\"}}', '2025-02-25 08:55:21', '2025-02-25 08:55:21'),
('b0woRXsuuyBl5pdy7QUvbZHQgM58OIRI', '2025-02-26 06:58:05', '{\"cookie\":{\"originalMaxAge\":null,\"expires\":null,\"secure\":false,\"httpOnly\":true,\"path\":\"/\"}}', '2025-02-25 06:58:05', '2025-02-25 06:58:05'),
('B2sS6X2iL3sXv6tNDWdvBmodhd82_7m8', '2025-02-26 08:55:21', '{\"cookie\":{\"originalMaxAge\":null,\"expires\":null,\"secure\":false,\"httpOnly\":true,\"path\":\"/\"}}', '2025-02-25 08:55:21', '2025-02-25 08:55:21'),
('B6K4C2JMeNOaOgG-k2rSIpI_qBuU117y', '2025-02-26 09:03:00', '{\"cookie\":{\"originalMaxAge\":null,\"expires\":null,\"secure\":false,\"httpOnly\":true,\"path\":\"/\"}}', '2025-02-25 09:03:00', '2025-02-25 09:03:00'),
('Ba7qmhK1rTQLoBTSoMjXgrW8tg90JfjE', '2025-02-26 11:23:44', '{\"cookie\":{\"originalMaxAge\":null,\"expires\":null,\"secure\":false,\"httpOnly\":true,\"path\":\"/\"}}', '2025-02-25 11:23:44', '2025-02-25 11:23:44'),
('bBx9wMXKxZdT4t3R55UZEMIyAUwx2ZJy', '2025-02-26 09:52:44', '{\"cookie\":{\"originalMaxAge\":null,\"expires\":null,\"secure\":false,\"httpOnly\":true,\"path\":\"/\"}}', '2025-02-25 09:52:44', '2025-02-25 09:52:44'),
('bDF9bt44id_tPievPiyzo9xYrVZ36nUY', '2025-02-26 09:02:57', '{\"cookie\":{\"originalMaxAge\":null,\"expires\":null,\"secure\":false,\"httpOnly\":true,\"path\":\"/\"}}', '2025-02-25 09:02:57', '2025-02-25 09:02:57'),
('begGDiQ9FjD73pHD6gQyiFTU2seuGo4k', '2025-02-26 08:54:37', '{\"cookie\":{\"originalMaxAge\":null,\"expires\":null,\"secure\":false,\"httpOnly\":true,\"path\":\"/\"}}', '2025-02-25 08:54:37', '2025-02-25 08:54:37'),
('BfaU76WvTiAUCVP6KLTdqEkoywcOP6Ys', '2025-02-26 08:47:02', '{\"cookie\":{\"originalMaxAge\":null,\"expires\":null,\"secure\":false,\"httpOnly\":true,\"path\":\"/\"}}', '2025-02-25 08:47:02', '2025-02-25 08:47:02'),
('BkHnvwmCahUtbxxjm0IwUA9EF_x2QjZy', '2025-02-26 08:48:30', '{\"cookie\":{\"originalMaxAge\":null,\"expires\":null,\"secure\":false,\"httpOnly\":true,\"path\":\"/\"}}', '2025-02-25 08:48:30', '2025-02-25 08:48:30'),
('BOXLtwZqJQ0dR53cS3L56AUM9lME8UiY', '2025-02-26 08:41:12', '{\"cookie\":{\"originalMaxAge\":null,\"expires\":null,\"secure\":false,\"httpOnly\":true,\"path\":\"/\"}}', '2025-02-25 08:41:12', '2025-02-25 08:41:12'),
('bqK-v_O_ZPJvY2m3M56bqPlPh5troCs9', '2025-02-26 08:57:43', '{\"cookie\":{\"originalMaxAge\":null,\"expires\":null,\"secure\":false,\"httpOnly\":true,\"path\":\"/\"}}', '2025-02-25 08:57:43', '2025-02-25 08:57:43'),
('bSF1_aol9tf6lTs0p14J6Q5O7CIgyFWc', '2025-02-26 08:48:06', '{\"cookie\":{\"originalMaxAge\":null,\"expires\":null,\"secure\":false,\"httpOnly\":true,\"path\":\"/\"}}', '2025-02-25 08:48:06', '2025-02-25 08:48:06'),
('bv33q0ZlS5s1l5ZSpeuJLtoWfg0ElHi3', '2025-02-26 08:51:09', '{\"cookie\":{\"originalMaxAge\":null,\"expires\":null,\"secure\":false,\"httpOnly\":true,\"path\":\"/\"}}', '2025-02-25 08:51:09', '2025-02-25 08:51:09'),
('C2oNBCQ2wHpy2aOvQXDkzoi73yWYj7lh', '2025-02-26 10:11:17', '{\"cookie\":{\"originalMaxAge\":null,\"expires\":null,\"secure\":false,\"httpOnly\":true,\"path\":\"/\"}}', '2025-02-25 10:11:17', '2025-02-25 10:11:17'),
('C6RLECA99VSCOHF5gD8yrAtu5zn1-yDi', '2025-02-26 08:58:06', '{\"cookie\":{\"originalMaxAge\":null,\"expires\":null,\"secure\":false,\"httpOnly\":true,\"path\":\"/\"}}', '2025-02-25 08:58:06', '2025-02-25 08:58:06'),
('c88_MRZr_-hKsVgj85NVk84fYUrXP7Q5', '2025-02-26 09:04:52', '{\"cookie\":{\"originalMaxAge\":null,\"expires\":null,\"secure\":false,\"httpOnly\":true,\"path\":\"/\"}}', '2025-02-25 09:04:52', '2025-02-25 09:04:52'),
('cAk_7LitQGBAmHfML3vfVT7S6mAKolwe', '2025-02-26 08:50:17', '{\"cookie\":{\"originalMaxAge\":null,\"expires\":null,\"secure\":false,\"httpOnly\":true,\"path\":\"/\"}}', '2025-02-25 08:50:17', '2025-02-25 08:50:17'),
('Ca_7IHGwldrB1b9ss4nDErd9wTrtTGxE', '2025-02-26 08:50:52', '{\"cookie\":{\"originalMaxAge\":null,\"expires\":null,\"secure\":false,\"httpOnly\":true,\"path\":\"/\"}}', '2025-02-25 08:50:52', '2025-02-25 08:50:52'),
('ChmuKCMgPC1sJmwlR_NM2zoFY2SEB9dJ', '2025-02-26 10:42:04', '{\"cookie\":{\"originalMaxAge\":null,\"expires\":null,\"secure\":false,\"httpOnly\":true,\"path\":\"/\"}}', '2025-02-25 10:42:04', '2025-02-25 10:42:04'),
('cKRKd2lr9VeKjffBtoJZWbR8PBuVzhnB', '2025-02-26 08:34:17', '{\"cookie\":{\"originalMaxAge\":null,\"expires\":null,\"secure\":false,\"httpOnly\":true,\"path\":\"/\"}}', '2025-02-25 08:34:17', '2025-02-25 08:34:17'),
('clONC_k_lqsHQcvLjgwTRQHgfFmpg5KW', '2025-02-26 09:48:13', '{\"cookie\":{\"originalMaxAge\":null,\"expires\":null,\"secure\":false,\"httpOnly\":true,\"path\":\"/\"}}', '2025-02-25 09:48:13', '2025-02-25 09:48:13'),
('CohOjj4XaDqLFTEd67SgerUoUxdLZZI6', '2025-02-26 11:18:45', '{\"cookie\":{\"originalMaxAge\":null,\"expires\":null,\"secure\":false,\"httpOnly\":true,\"path\":\"/\"}}', '2025-02-25 11:18:45', '2025-02-25 11:18:45'),
('CpXompww9u_861nmd8g77VsQmUvrlsmk', '2025-02-26 11:17:49', '{\"cookie\":{\"originalMaxAge\":null,\"expires\":null,\"secure\":false,\"httpOnly\":true,\"path\":\"/\"}}', '2025-02-25 11:17:49', '2025-02-25 11:17:49'),
('CTYu2x5bXp70MbnjTIAq11o7kw_M4K_s', '2025-02-26 11:41:33', '{\"cookie\":{\"originalMaxAge\":null,\"expires\":null,\"secure\":false,\"httpOnly\":true,\"path\":\"/\"}}', '2025-02-25 11:41:33', '2025-02-25 11:41:33'),
('cU22vbrIYg26n0nSTxIjgPsMsqbZDSAn', '2025-02-26 08:48:21', '{\"cookie\":{\"originalMaxAge\":null,\"expires\":null,\"secure\":false,\"httpOnly\":true,\"path\":\"/\"}}', '2025-02-25 08:48:21', '2025-02-25 08:48:21'),
('cURcFtlDsuDsRGdVUALUTHjYpHsIO6yZ', '2025-02-26 09:46:20', '{\"cookie\":{\"originalMaxAge\":null,\"expires\":null,\"secure\":false,\"httpOnly\":true,\"path\":\"/\"}}', '2025-02-25 09:46:20', '2025-02-25 09:46:20'),
('Cy7WGwGnoHmwrjnjhl02yFXr-q9YROOz', '2025-02-26 09:48:13', '{\"cookie\":{\"originalMaxAge\":null,\"expires\":null,\"secure\":false,\"httpOnly\":true,\"path\":\"/\"}}', '2025-02-25 09:48:13', '2025-02-25 09:48:13'),
('CYTU8ryL-yDzszgC9KcM2H9GfEnCUOQG', '2025-02-26 10:41:59', '{\"cookie\":{\"originalMaxAge\":null,\"expires\":null,\"secure\":false,\"httpOnly\":true,\"path\":\"/\"}}', '2025-02-25 10:41:59', '2025-02-25 10:41:59'),
('D01GGGpm8Y87dqxLmAA-tiMHTeGtK0S_', '2025-02-26 08:29:17', '{\"cookie\":{\"originalMaxAge\":null,\"expires\":null,\"secure\":false,\"httpOnly\":true,\"path\":\"/\"}}', '2025-02-25 08:29:17', '2025-02-25 08:29:17'),
('Db8EV16BcRyD7NzDa8EFXi95ZUkEspPo', '2025-02-26 06:57:54', '{\"cookie\":{\"originalMaxAge\":null,\"expires\":null,\"secure\":false,\"httpOnly\":true,\"path\":\"/\"}}', '2025-02-25 06:57:54', '2025-02-25 06:57:54'),
('dBA2TSVpDZjtwc1t4hVS6LTKxDSIiRBA', '2025-02-26 09:11:04', '{\"cookie\":{\"originalMaxAge\":null,\"expires\":null,\"secure\":false,\"httpOnly\":true,\"path\":\"/\"}}', '2025-02-25 09:11:04', '2025-02-25 09:11:04'),
('dcYU2EoSUtxAQtpaNQiwJ_wN8HqveTi2', '2025-02-26 08:36:23', '{\"cookie\":{\"originalMaxAge\":null,\"expires\":null,\"secure\":false,\"httpOnly\":true,\"path\":\"/\"}}', '2025-02-25 08:36:23', '2025-02-25 08:36:23'),
('dfvPgrodn5JMs0WiRLCa2rBmM8SZVFuJ', '2025-02-26 06:58:32', '{\"cookie\":{\"originalMaxAge\":null,\"expires\":null,\"secure\":false,\"httpOnly\":true,\"path\":\"/\"}}', '2025-02-25 06:58:32', '2025-02-25 06:58:32'),
('DGL9y0MQFE9AUs_eZOMJQAMQvQpBsOMh', '2025-02-26 08:54:34', '{\"cookie\":{\"originalMaxAge\":null,\"expires\":null,\"secure\":false,\"httpOnly\":true,\"path\":\"/\"}}', '2025-02-25 08:54:34', '2025-02-25 08:54:34'),
('DgoKs4HIIHZf8FkGSFrcwNeGGI2NaDIU', '2025-02-26 09:00:55', '{\"cookie\":{\"originalMaxAge\":null,\"expires\":null,\"secure\":false,\"httpOnly\":true,\"path\":\"/\"}}', '2025-02-25 09:00:55', '2025-02-25 09:00:55'),
('dhLg8VPx9O97k2RDPXwA8PqxMvfRIatA', '2025-02-26 08:55:31', '{\"cookie\":{\"originalMaxAge\":null,\"expires\":null,\"secure\":false,\"httpOnly\":true,\"path\":\"/\"}}', '2025-02-25 08:55:31', '2025-02-25 08:55:31'),
('dlozkJavfZcqjG-suwdmoE8P31-F-ju_', '2025-02-26 10:27:41', '{\"cookie\":{\"originalMaxAge\":null,\"expires\":null,\"secure\":false,\"httpOnly\":true,\"path\":\"/\"}}', '2025-02-25 10:27:41', '2025-02-25 10:27:41'),
('dNi2ZvUopGOCZnQNT9VDKWsgbjf_3xm5', '2025-02-26 11:29:25', '{\"cookie\":{\"originalMaxAge\":null,\"expires\":null,\"secure\":false,\"httpOnly\":true,\"path\":\"/\"}}', '2025-02-25 11:29:25', '2025-02-25 11:29:25'),
('DNx2yCtIiLix0TWeK6VwKtr_6K0JzTuJ', '2025-02-26 08:29:19', '{\"cookie\":{\"originalMaxAge\":null,\"expires\":null,\"secure\":false,\"httpOnly\":true,\"path\":\"/\"}}', '2025-02-25 08:29:19', '2025-02-25 08:29:19'),
('DPMw6fH5uNhWPBG6H9ID0wjMtfpi19jE', '2025-02-26 08:48:37', '{\"cookie\":{\"originalMaxAge\":null,\"expires\":null,\"secure\":false,\"httpOnly\":true,\"path\":\"/\"}}', '2025-02-25 08:48:37', '2025-02-25 08:48:37'),
('dpZbcTd9iJqo6x_Ldc0NnY5TGEXDzea8', '2025-02-26 06:58:29', '{\"cookie\":{\"originalMaxAge\":null,\"expires\":null,\"secure\":false,\"httpOnly\":true,\"path\":\"/\"}}', '2025-02-25 06:58:29', '2025-02-25 06:58:29'),
('dsfyMXj6khT5VXelcO2J56GE9YxG6PHU', '2025-02-26 10:46:34', '{\"cookie\":{\"originalMaxAge\":null,\"expires\":null,\"secure\":false,\"httpOnly\":true,\"path\":\"/\"}}', '2025-02-25 10:46:34', '2025-02-25 10:46:34'),
('Dvq6-g5NFkacyni0y1ClO5_mKjtNc2A_', '2025-02-26 10:27:43', '{\"cookie\":{\"originalMaxAge\":null,\"expires\":null,\"secure\":false,\"httpOnly\":true,\"path\":\"/\"}}', '2025-02-25 10:27:43', '2025-02-25 10:27:43'),
('E3hkbkIak8SM8O1v-t0d_OvwUgZ8knVt', '2025-02-26 08:50:26', '{\"cookie\":{\"originalMaxAge\":null,\"expires\":null,\"secure\":false,\"httpOnly\":true,\"path\":\"/\"}}', '2025-02-25 08:50:26', '2025-02-25 08:50:26'),
('E4xMGMiEY6PqHBM4Y4GquX5L0seLUpA9', '2025-02-26 08:48:21', '{\"cookie\":{\"originalMaxAge\":null,\"expires\":null,\"secure\":false,\"httpOnly\":true,\"path\":\"/\"}}', '2025-02-25 08:48:21', '2025-02-25 08:48:21'),
('EAhh7O1wN2sTx-JeT6of1laAO-zJ48cL', '2025-02-26 11:31:16', '{\"cookie\":{\"originalMaxAge\":null,\"expires\":null,\"secure\":false,\"httpOnly\":true,\"path\":\"/\"}}', '2025-02-25 11:31:16', '2025-02-25 11:31:16'),
('edI0mfHRaHIHmOrFGCUpJVTq8rqV2Gy8', '2025-02-26 08:48:21', '{\"cookie\":{\"originalMaxAge\":null,\"expires\":null,\"secure\":false,\"httpOnly\":true,\"path\":\"/\"}}', '2025-02-25 08:48:21', '2025-02-25 08:48:21'),
('elG0sjJbkOESEI3NSHaEj7eB8VjcVmhj', '2025-02-26 08:35:45', '{\"cookie\":{\"originalMaxAge\":null,\"expires\":null,\"secure\":false,\"httpOnly\":true,\"path\":\"/\"}}', '2025-02-25 08:35:45', '2025-02-25 08:35:45'),
('elgnMzZxfMetX28nFDACNGN_0GjhNsPh', '2025-02-26 08:35:45', '{\"cookie\":{\"originalMaxAge\":null,\"expires\":null,\"secure\":false,\"httpOnly\":true,\"path\":\"/\"}}', '2025-02-25 08:35:45', '2025-02-25 08:35:45'),
('ElRpeVEQmBxyXvqvCvlBoClgelMaBn3x', '2025-02-26 09:46:27', '{\"cookie\":{\"originalMaxAge\":null,\"expires\":null,\"secure\":false,\"httpOnly\":true,\"path\":\"/\"}}', '2025-02-25 09:46:27', '2025-02-25 09:46:27'),
('eMo3wnZK3TkiM_aDY2UVQiXrfa6o1oMg', '2025-02-26 11:17:48', '{\"cookie\":{\"originalMaxAge\":null,\"expires\":null,\"secure\":false,\"httpOnly\":true,\"path\":\"/\"}}', '2025-02-25 11:17:48', '2025-02-25 11:17:48'),
('Enj6kYwALd5R5szlfjVMnAGBIA4EhLsd', '2025-02-26 08:55:31', '{\"cookie\":{\"originalMaxAge\":null,\"expires\":null,\"secure\":false,\"httpOnly\":true,\"path\":\"/\"}}', '2025-02-25 08:55:31', '2025-02-25 08:55:31'),
('ePOsOdqB9i-bYY1OcGcwrLyyNHW09X-W', '2025-02-26 11:31:13', '{\"cookie\":{\"originalMaxAge\":null,\"expires\":null,\"secure\":false,\"httpOnly\":true,\"path\":\"/\"}}', '2025-02-25 11:31:13', '2025-02-25 11:31:13'),
('EyEWtsopMnNevdq049Avb-6IlZIuj1A5', '2025-02-26 11:18:45', '{\"cookie\":{\"originalMaxAge\":null,\"expires\":null,\"secure\":false,\"httpOnly\":true,\"path\":\"/\"}}', '2025-02-25 11:18:45', '2025-02-25 11:18:45'),
('EyPaDp1_nj5NEw5jMZ3n1ni_7Ovp11GH', '2025-02-26 08:36:23', '{\"cookie\":{\"originalMaxAge\":null,\"expires\":null,\"secure\":false,\"httpOnly\":true,\"path\":\"/\"}}', '2025-02-25 08:36:23', '2025-02-25 08:36:23'),
('F-fssQjru_F4FvrkJ0-TyPhO32G2w6nH', '2025-02-26 08:51:15', '{\"cookie\":{\"originalMaxAge\":null,\"expires\":null,\"secure\":false,\"httpOnly\":true,\"path\":\"/\"}}', '2025-02-25 08:51:15', '2025-02-25 08:51:15'),
('F1gtCYcEKtqMF_Gkk4JW24RbpWhQB6G6', '2025-02-26 11:25:03', '{\"cookie\":{\"originalMaxAge\":null,\"expires\":null,\"secure\":false,\"httpOnly\":true,\"path\":\"/\"}}', '2025-02-25 11:25:03', '2025-02-25 11:25:03'),
('f1r_n9b8Lpc4YFtPGCPcLDulwji2r6WM', '2025-02-26 10:04:44', '{\"cookie\":{\"originalMaxAge\":null,\"expires\":null,\"secure\":false,\"httpOnly\":true,\"path\":\"/\"}}', '2025-02-25 10:04:44', '2025-02-25 10:04:44'),
('f29ON30hkjri3hN6dya5RM-GIB975KaZ', '2025-02-26 09:46:20', '{\"cookie\":{\"originalMaxAge\":null,\"expires\":null,\"secure\":false,\"httpOnly\":true,\"path\":\"/\"}}', '2025-02-25 09:46:20', '2025-02-25 09:46:20'),
('f4QjYFI2dBXdBDRz4tnJg1c1dzG2jVR5', '2025-02-26 09:02:59', '{\"cookie\":{\"originalMaxAge\":null,\"expires\":null,\"secure\":false,\"httpOnly\":true,\"path\":\"/\"}}', '2025-02-25 09:02:59', '2025-02-25 09:02:59'),
('F4x_OXBcPAUkyfuLZzP-48afTAevZpb6', '2025-02-26 08:52:36', '{\"cookie\":{\"originalMaxAge\":null,\"expires\":null,\"secure\":false,\"httpOnly\":true,\"path\":\"/\"}}', '2025-02-25 08:52:36', '2025-02-25 08:52:36'),
('f5wUSphM0_GIMWahEMiQGy8-U-rDWlrp', '2025-02-26 08:55:43', '{\"cookie\":{\"originalMaxAge\":null,\"expires\":null,\"secure\":false,\"httpOnly\":true,\"path\":\"/\"}}', '2025-02-25 08:55:43', '2025-02-25 08:55:43'),
('fa4kytT352fJfPz36f31d2Dn5SbCqHPG', '2025-02-26 06:57:36', '{\"cookie\":{\"originalMaxAge\":null,\"expires\":null,\"secure\":false,\"httpOnly\":true,\"path\":\"/\"}}', '2025-02-25 06:57:36', '2025-02-25 06:57:36'),
('FAb8xdc5ZwAcFMncl24m_JyPUsw1Cnzc', '2025-02-26 08:30:49', '{\"cookie\":{\"originalMaxAge\":null,\"expires\":null,\"secure\":false,\"httpOnly\":true,\"path\":\"/\"}}', '2025-02-25 08:30:49', '2025-02-25 08:30:49'),
('FdM11eE0p7aDG41AJUe7ozYKrp4TYSGS', '2025-02-26 11:41:02', '{\"cookie\":{\"originalMaxAge\":null,\"expires\":null,\"secure\":false,\"httpOnly\":true,\"path\":\"/\"}}', '2025-02-25 11:41:02', '2025-02-25 11:41:02'),
('fdM6AyK7qVeiK1NleQm2I7hZgkWRnbHb', '2025-02-26 08:36:23', '{\"cookie\":{\"originalMaxAge\":null,\"expires\":null,\"secure\":false,\"httpOnly\":true,\"path\":\"/\"}}', '2025-02-25 08:36:23', '2025-02-25 08:36:23'),
('fGsfRK58OX4EpjJOElM9vRb6Ez86f-sg', '2025-02-26 09:01:56', '{\"cookie\":{\"originalMaxAge\":null,\"expires\":null,\"secure\":false,\"httpOnly\":true,\"path\":\"/\"}}', '2025-02-25 09:01:56', '2025-02-25 09:01:56'),
('FI-gDZwjuipbnJXh035agnLnWYGNs8-R', '2025-02-26 08:10:28', '{\"cookie\":{\"originalMaxAge\":null,\"expires\":null,\"secure\":false,\"httpOnly\":true,\"path\":\"/\"}}', '2025-02-25 08:10:28', '2025-02-25 08:10:28'),
('fL7GeYtn2yXGobkSPOueK8kmxqd2EXT0', '2025-02-26 08:48:12', '{\"cookie\":{\"originalMaxAge\":null,\"expires\":null,\"secure\":false,\"httpOnly\":true,\"path\":\"/\"}}', '2025-02-25 08:48:12', '2025-02-25 08:48:12'),
('fmV4iQSYcxA6r3iQ9WI4CIOB_GSUu3De', '2025-02-26 08:35:45', '{\"cookie\":{\"originalMaxAge\":null,\"expires\":null,\"secure\":false,\"httpOnly\":true,\"path\":\"/\"}}', '2025-02-25 08:35:45', '2025-02-25 08:35:45'),
('FNJEYOC3GFmNbenNmnRDQAvnuZT9TGYP', '2025-02-26 11:41:02', '{\"cookie\":{\"originalMaxAge\":null,\"expires\":null,\"secure\":false,\"httpOnly\":true,\"path\":\"/\"}}', '2025-02-25 11:41:02', '2025-02-25 11:41:02'),
('fNqG5ltdqCugJlU_UGIAfNfpapaBf0qw', '2025-02-26 08:51:47', '{\"cookie\":{\"originalMaxAge\":null,\"expires\":null,\"secure\":false,\"httpOnly\":true,\"path\":\"/\"}}', '2025-02-25 08:51:47', '2025-02-25 08:51:47'),
('Fpu9avobnI0nxcc8_RlLtfWTsXMfA1dg', '2025-02-26 08:48:42', '{\"cookie\":{\"originalMaxAge\":null,\"expires\":null,\"secure\":false,\"httpOnly\":true,\"path\":\"/\"}}', '2025-02-25 08:48:42', '2025-02-25 08:48:42'),
('fUqVbEAFA3uJrfNKagkye-tH-cb5Tak6', '2025-02-26 06:57:22', '{\"cookie\":{\"originalMaxAge\":null,\"expires\":null,\"secure\":false,\"httpOnly\":true,\"path\":\"/\"}}', '2025-02-25 06:57:22', '2025-02-25 06:57:22'),
('fxNQXz24g3a-qtPAPspz3iBQh2A0i8Sb', '2025-02-26 06:58:29', '{\"cookie\":{\"originalMaxAge\":null,\"expires\":null,\"secure\":false,\"httpOnly\":true,\"path\":\"/\"}}', '2025-02-25 06:58:29', '2025-02-25 06:58:29'),
('FxpjJ__D0oEOL-hlX-p03xsKip-QOpC9', '2025-02-26 08:59:15', '{\"cookie\":{\"originalMaxAge\":null,\"expires\":null,\"secure\":false,\"httpOnly\":true,\"path\":\"/\"}}', '2025-02-25 08:59:15', '2025-02-25 08:59:15'),
('fZxIAioKB8B4P_YKNkQ1MHz4upgUgqtc', '2025-02-26 08:50:21', '{\"cookie\":{\"originalMaxAge\":null,\"expires\":null,\"secure\":false,\"httpOnly\":true,\"path\":\"/\"}}', '2025-02-25 08:50:21', '2025-02-25 08:50:21'),
('g-Xdo-RgPx7Y77ULj7XZaQxlnLP6eHSa', '2025-02-26 11:29:25', '{\"cookie\":{\"originalMaxAge\":null,\"expires\":null,\"secure\":false,\"httpOnly\":true,\"path\":\"/\"}}', '2025-02-25 11:29:25', '2025-02-25 11:29:25'),
('G8fmH_td7in3DDpG_jZxxPT0j9QCWrwQ', '2025-02-26 08:48:24', '{\"cookie\":{\"originalMaxAge\":null,\"expires\":null,\"secure\":false,\"httpOnly\":true,\"path\":\"/\"}}', '2025-02-25 08:48:24', '2025-02-25 08:48:24'),
('g8yFMKxhkZgRBDe5YNoSL0hyJRd4v94m', '2025-02-26 09:46:26', '{\"cookie\":{\"originalMaxAge\":null,\"expires\":null,\"secure\":false,\"httpOnly\":true,\"path\":\"/\"}}', '2025-02-25 09:46:26', '2025-02-25 09:46:26'),
('ggsbnEAqO8vxqQhIG17FS5lcmVT9L4Ed', '2025-02-26 06:58:22', '{\"cookie\":{\"originalMaxAge\":null,\"expires\":null,\"secure\":false,\"httpOnly\":true,\"path\":\"/\"}}', '2025-02-25 06:58:22', '2025-02-25 06:58:22'),
('GgtlrLOX8ev9xm_9all-3k8OY2UL5ZtQ', '2025-02-26 09:49:51', '{\"cookie\":{\"originalMaxAge\":null,\"expires\":null,\"secure\":false,\"httpOnly\":true,\"path\":\"/\"}}', '2025-02-25 09:49:51', '2025-02-25 09:49:51'),
('gHpMJLFv6s1UyYZapi05HXgfgudbHcBf', '2025-02-26 08:50:17', '{\"cookie\":{\"originalMaxAge\":null,\"expires\":null,\"secure\":false,\"httpOnly\":true,\"path\":\"/\"}}', '2025-02-25 08:50:17', '2025-02-25 08:50:17'),
('gIEylQyPOLFPfbelIF2hR3qSgtTQbUC-', '2025-02-26 09:01:55', '{\"cookie\":{\"originalMaxAge\":null,\"expires\":null,\"secure\":false,\"httpOnly\":true,\"path\":\"/\"}}', '2025-02-25 09:01:55', '2025-02-25 09:01:55'),
('gihfAamkSnKzeMGVPGDL_ZNlOCPaPQa-', '2025-02-26 08:29:14', '{\"cookie\":{\"originalMaxAge\":null,\"expires\":null,\"secure\":false,\"httpOnly\":true,\"path\":\"/\"}}', '2025-02-25 08:29:14', '2025-02-25 08:29:14'),
('GjdZZMauMOGkrwsikfht20jClvH3pvdg', '2025-02-26 11:24:57', '{\"cookie\":{\"originalMaxAge\":null,\"expires\":null,\"secure\":false,\"httpOnly\":true,\"path\":\"/\"}}', '2025-02-25 11:24:57', '2025-02-25 11:24:57'),
('Gjwly_kUGbsJkc2sT47gi9FLBxYWf9S4', '2025-02-26 08:36:31', '{\"cookie\":{\"originalMaxAge\":null,\"expires\":null,\"secure\":false,\"httpOnly\":true,\"path\":\"/\"}}', '2025-02-25 08:36:31', '2025-02-25 08:36:31'),
('glM0ZuHuogkFhSkpkIzYY5qnbDUgFMAK', '2025-02-26 08:10:46', '{\"cookie\":{\"originalMaxAge\":null,\"expires\":null,\"secure\":false,\"httpOnly\":true,\"path\":\"/\"}}', '2025-02-25 08:10:46', '2025-02-25 08:10:46'),
('Go8FuD2b9cswSnsHXdYU1e5_2KcEbnSP', '2025-02-26 06:57:50', '{\"cookie\":{\"originalMaxAge\":null,\"expires\":null,\"secure\":false,\"httpOnly\":true,\"path\":\"/\"}}', '2025-02-25 06:57:50', '2025-02-25 06:57:50'),
('gokYuPgwyxt4G0JJbM2AiusmSVsTIEwz', '2025-02-26 09:57:29', '{\"cookie\":{\"originalMaxAge\":null,\"expires\":null,\"secure\":false,\"httpOnly\":true,\"path\":\"/\"}}', '2025-02-25 09:57:29', '2025-02-25 09:57:29'),
('grq3VGx5ty9OtNzEW3H9DBsfAsW9ipDs', '2025-02-26 09:07:32', '{\"cookie\":{\"originalMaxAge\":null,\"expires\":null,\"secure\":false,\"httpOnly\":true,\"path\":\"/\"}}', '2025-02-25 09:07:32', '2025-02-25 09:07:32'),
('gyFzFItMdiqsbjDGNT39je1BFvcVq2us', '2025-02-26 06:58:04', '{\"cookie\":{\"originalMaxAge\":null,\"expires\":null,\"secure\":false,\"httpOnly\":true,\"path\":\"/\"}}', '2025-02-25 06:58:04', '2025-02-25 06:58:04'),
('gyPKf_MYBFz9ZABhA0VkD949dPw9tCny', '2025-02-26 08:53:25', '{\"cookie\":{\"originalMaxAge\":null,\"expires\":null,\"secure\":false,\"httpOnly\":true,\"path\":\"/\"}}', '2025-02-25 08:53:25', '2025-02-25 08:53:25'),
('GZdzO-tn5vZjooOmCmE2tsvtiCcu-KTm', '2025-02-26 08:30:22', '{\"cookie\":{\"originalMaxAge\":null,\"expires\":null,\"secure\":false,\"httpOnly\":true,\"path\":\"/\"}}', '2025-02-25 08:30:22', '2025-02-25 08:30:22'),
('g_yXB5ZbxeYyg5bbZkQrd9K7RlH0w3i3', '2025-02-26 08:51:54', '{\"cookie\":{\"originalMaxAge\":null,\"expires\":null,\"secure\":false,\"httpOnly\":true,\"path\":\"/\"}}', '2025-02-25 08:51:54', '2025-02-25 08:51:54'),
('h11vueHvHN0jexDhy5C4KEvETtcMGt-a', '2025-02-26 08:48:31', '{\"cookie\":{\"originalMaxAge\":null,\"expires\":null,\"secure\":false,\"httpOnly\":true,\"path\":\"/\"}}', '2025-02-25 08:48:31', '2025-02-25 08:48:31'),
('h7l42wlJ8cmKYA8l9Dqo8BZA1uyun6N7', '2025-02-26 09:00:58', '{\"cookie\":{\"originalMaxAge\":null,\"expires\":null,\"secure\":false,\"httpOnly\":true,\"path\":\"/\"}}', '2025-02-25 09:00:58', '2025-02-25 09:00:58'),
('hBm-TV2AMs61FIlpTHlZSVR5hWjNc-Ir', '2025-02-26 08:28:47', '{\"cookie\":{\"originalMaxAge\":null,\"expires\":null,\"secure\":false,\"httpOnly\":true,\"path\":\"/\"}}', '2025-02-25 08:28:47', '2025-02-25 08:28:47'),
('hbtffr8MMrPDqglm1ewR6W7iUpkb_lyE', '2025-02-26 08:55:35', '{\"cookie\":{\"originalMaxAge\":null,\"expires\":null,\"secure\":false,\"httpOnly\":true,\"path\":\"/\"}}', '2025-02-25 08:55:35', '2025-02-25 08:55:35'),
('hhwmgbZ4pbyLg8qk64q3jGubzVzIeJK7', '2025-02-26 08:41:10', '{\"cookie\":{\"originalMaxAge\":null,\"expires\":null,\"secure\":false,\"httpOnly\":true,\"path\":\"/\"}}', '2025-02-25 08:41:10', '2025-02-25 08:41:10'),
('hiIWMTuCHnvOKB-0KJpcVfGMbKw_3R7X', '2025-02-26 08:48:24', '{\"cookie\":{\"originalMaxAge\":null,\"expires\":null,\"secure\":false,\"httpOnly\":true,\"path\":\"/\"}}', '2025-02-25 08:48:24', '2025-02-25 08:48:24'),
('hLfndQP3QbNt0-v6b6o3fkWxmhI3lp07', '2025-02-26 08:30:02', '{\"cookie\":{\"originalMaxAge\":null,\"expires\":null,\"secure\":false,\"httpOnly\":true,\"path\":\"/\"}}', '2025-02-25 08:30:02', '2025-02-25 08:30:02'),
('hlJfyuT7b0ro5K51N00OjaUKmU5-niEu', '2025-02-26 08:27:56', '{\"cookie\":{\"originalMaxAge\":null,\"expires\":null,\"secure\":false,\"httpOnly\":true,\"path\":\"/\"}}', '2025-02-25 08:27:56', '2025-02-25 08:27:56'),
('hlUJECF0-0quhJvk5y5mTzrNLaEI-DuG', '2025-02-26 08:29:18', '{\"cookie\":{\"originalMaxAge\":null,\"expires\":null,\"secure\":false,\"httpOnly\":true,\"path\":\"/\"}}', '2025-02-25 08:29:18', '2025-02-25 08:29:18'),
('HPaas4df51R1vdKUii6EH0v6LfJyIk6G', '2025-02-26 08:54:25', '{\"cookie\":{\"originalMaxAge\":null,\"expires\":null,\"secure\":false,\"httpOnly\":true,\"path\":\"/\"}}', '2025-02-25 08:54:25', '2025-02-25 08:54:25'),
('HqoZ5HWuya123Mfd__PprCK_brL2dQEZ', '2025-02-26 08:51:44', '{\"cookie\":{\"originalMaxAge\":null,\"expires\":null,\"secure\":false,\"httpOnly\":true,\"path\":\"/\"}}', '2025-02-25 08:51:44', '2025-02-25 08:51:44'),
('hSgtrCs-2M9Qe3oFrQMG188_8Usemull', '2025-02-26 11:24:57', '{\"cookie\":{\"originalMaxAge\":null,\"expires\":null,\"secure\":false,\"httpOnly\":true,\"path\":\"/\"}}', '2025-02-25 11:24:57', '2025-02-25 11:24:57'),
('hX7w06ylZXGgt8HAMJTs7K5eD2NZCzc4', '2025-02-26 06:58:22', '{\"cookie\":{\"originalMaxAge\":null,\"expires\":null,\"secure\":false,\"httpOnly\":true,\"path\":\"/\"}}', '2025-02-25 06:58:22', '2025-02-25 06:58:22'),
('hXBuFrsqRoTwYkewjF1tnf39xISyVDe_', '2025-02-26 11:42:30', '{\"cookie\":{\"originalMaxAge\":null,\"expires\":null,\"secure\":false,\"httpOnly\":true,\"path\":\"/\"}}', '2025-02-25 11:42:30', '2025-02-25 11:42:30'),
('HxUibt3fZdAv35dSl3ZJR4TF6KuJh_ho', '2025-02-26 08:27:07', '{\"cookie\":{\"originalMaxAge\":null,\"expires\":null,\"secure\":false,\"httpOnly\":true,\"path\":\"/\"}}', '2025-02-25 08:27:07', '2025-02-25 08:27:07'),
('I38NnS-LLCGJuPOykRo1JKJjqBtYNWXx', '2025-02-26 09:01:24', '{\"cookie\":{\"originalMaxAge\":null,\"expires\":null,\"secure\":false,\"httpOnly\":true,\"path\":\"/\"}}', '2025-02-25 09:01:24', '2025-02-25 09:01:24'),
('Iac46rtcXjE3nbRNiJg6V04VYDBHydon', '2025-02-26 08:48:37', '{\"cookie\":{\"originalMaxAge\":null,\"expires\":null,\"secure\":false,\"httpOnly\":true,\"path\":\"/\"}}', '2025-02-25 08:48:37', '2025-02-25 08:48:37'),
('ICmrhJmADn-V8KTTcDX7Euk4EnUQ8Ekc', '2025-02-26 11:25:11', '{\"cookie\":{\"originalMaxAge\":null,\"expires\":null,\"secure\":false,\"httpOnly\":true,\"path\":\"/\"}}', '2025-02-25 11:25:11', '2025-02-25 11:25:11'),
('iEvEPzH0BUlx53ZMD70IZyGWqFnRLgwT', '2025-02-26 11:24:46', '{\"cookie\":{\"originalMaxAge\":null,\"expires\":null,\"secure\":false,\"httpOnly\":true,\"path\":\"/\"}}', '2025-02-25 11:24:46', '2025-02-25 11:24:46'),
('IgeM1AA5fc7cOr7YwAWwF_MgPllYxhq9', '2025-02-26 08:35:45', '{\"cookie\":{\"originalMaxAge\":null,\"expires\":null,\"secure\":false,\"httpOnly\":true,\"path\":\"/\"}}', '2025-02-25 08:35:45', '2025-02-25 08:35:45'),
('IgibrIM-41isHCMJBiqof0z4ZAzjp7Ye', '2025-02-26 11:41:33', '{\"cookie\":{\"originalMaxAge\":null,\"expires\":null,\"secure\":false,\"httpOnly\":true,\"path\":\"/\"}}', '2025-02-25 11:41:33', '2025-02-25 11:41:33'),
('IgkHE7AIADvJvRmzTT8ob3KiSZb7Xyd6', '2025-02-26 08:55:21', '{\"cookie\":{\"originalMaxAge\":null,\"expires\":null,\"secure\":false,\"httpOnly\":true,\"path\":\"/\"}}', '2025-02-25 08:55:21', '2025-02-25 08:55:21'),
('IIUI_eXxgSm3ZjzwjKE4pmfyTFAwkhyi', '2025-02-26 11:31:13', '{\"cookie\":{\"originalMaxAge\":null,\"expires\":null,\"secure\":false,\"httpOnly\":true,\"path\":\"/\"}}', '2025-02-25 11:31:13', '2025-02-25 11:31:13'),
('IQb8tO1YdLpK6ut8tp0YW7ojbkL5H9Ac', '2025-02-26 11:35:49', '{\"cookie\":{\"originalMaxAge\":null,\"expires\":null,\"secure\":false,\"httpOnly\":true,\"path\":\"/\"}}', '2025-02-25 11:35:49', '2025-02-25 11:35:49'),
('iqzp26k3rloj59v2ex_KMIF0aPaK4oJN', '2025-02-26 10:27:43', '{\"cookie\":{\"originalMaxAge\":null,\"expires\":null,\"secure\":false,\"httpOnly\":true,\"path\":\"/\"}}', '2025-02-25 10:27:43', '2025-02-25 10:27:43'),
('IScDS6KHHq9qP-6tyAWSY23IbCq4Uo2s', '2025-02-26 10:27:43', '{\"cookie\":{\"originalMaxAge\":null,\"expires\":null,\"secure\":false,\"httpOnly\":true,\"path\":\"/\"}}', '2025-02-25 10:27:43', '2025-02-25 10:27:43'),
('iWq5b9Tk1xjSrp0-XD4UkhpNvP4pIV5_', '2025-02-26 08:13:27', '{\"cookie\":{\"originalMaxAge\":null,\"expires\":null,\"secure\":false,\"httpOnly\":true,\"path\":\"/\"}}', '2025-02-25 08:13:27', '2025-02-25 08:13:27'),
('iXxvY8D-7-mfJ85vUs13wbfQpTwPZVKN', '2025-02-26 10:11:17', '{\"cookie\":{\"originalMaxAge\":null,\"expires\":null,\"secure\":false,\"httpOnly\":true,\"path\":\"/\"}}', '2025-02-25 10:11:17', '2025-02-25 10:11:17'),
('I_lCuCDZDjTsUKreRwxolxnXZy-DEtXM', '2025-02-26 08:34:06', '{\"cookie\":{\"originalMaxAge\":null,\"expires\":null,\"secure\":false,\"httpOnly\":true,\"path\":\"/\"}}', '2025-02-25 08:34:06', '2025-02-25 08:34:06'),
('Jcu7xJmZH7WbiywYSAwO4qV_CSkCilUm', '2025-02-26 11:44:43', '{\"cookie\":{\"originalMaxAge\":null,\"expires\":null,\"secure\":false,\"httpOnly\":true,\"path\":\"/\"}}', '2025-02-25 11:44:43', '2025-02-25 11:44:43'),
('jCUn_0p-nBNlAOvxIUWhN8yChkojieVL', '2025-02-26 11:48:27', '{\"cookie\":{\"originalMaxAge\":null,\"expires\":null,\"secure\":false,\"httpOnly\":true,\"path\":\"/\"}}', '2025-02-25 11:48:27', '2025-02-25 11:48:27'),
('JdFriIi0R3gvN4wKP1uUxpXYgjRK7COj', '2025-02-26 11:17:48', '{\"cookie\":{\"originalMaxAge\":null,\"expires\":null,\"secure\":false,\"httpOnly\":true,\"path\":\"/\"}}', '2025-02-25 11:17:48', '2025-02-25 11:17:48'),
('JhiRqqUEqwuOKKBjvUHavSh-b3Lj57fy', '2025-02-26 09:07:45', '{\"cookie\":{\"originalMaxAge\":null,\"expires\":null,\"secure\":false,\"httpOnly\":true,\"path\":\"/\"}}', '2025-02-25 09:07:45', '2025-02-25 09:07:45'),
('JiOdpP1BjllrPuwPq6_-xtsMBamXvM5z', '2025-02-26 08:10:00', '{\"cookie\":{\"originalMaxAge\":null,\"expires\":null,\"secure\":false,\"httpOnly\":true,\"path\":\"/\"}}', '2025-02-25 08:10:00', '2025-02-25 08:10:00'),
('jJmQEHATgpoJxMMUxyjHOv7yCpcqdz7o', '2025-02-26 08:57:09', '{\"cookie\":{\"originalMaxAge\":null,\"expires\":null,\"secure\":false,\"httpOnly\":true,\"path\":\"/\"}}', '2025-02-25 08:57:09', '2025-02-25 08:57:09'),
('jn-HNedCNhuu7bLNSfoq2-FWRqBLr0Er', '2025-02-26 08:36:18', '{\"cookie\":{\"originalMaxAge\":null,\"expires\":null,\"secure\":false,\"httpOnly\":true,\"path\":\"/\"}}', '2025-02-25 08:36:18', '2025-02-25 08:36:18'),
('JOQ96Jp1SttBap_zeCZEXmXZJ3c_7AiC', '2025-02-26 08:52:36', '{\"cookie\":{\"originalMaxAge\":null,\"expires\":null,\"secure\":false,\"httpOnly\":true,\"path\":\"/\"}}', '2025-02-25 08:52:36', '2025-02-25 08:52:36'),
('Jow_CmhCIHrpvZnBystA1nN7PkLTrGfH', '2025-02-26 08:40:56', '{\"cookie\":{\"originalMaxAge\":null,\"expires\":null,\"secure\":false,\"httpOnly\":true,\"path\":\"/\"}}', '2025-02-25 08:40:56', '2025-02-25 08:40:56'),
('jPFlTLJUmUfazCRY4Br964bP0xswNcBh', '2025-02-26 08:13:35', '{\"cookie\":{\"originalMaxAge\":null,\"expires\":null,\"secure\":false,\"httpOnly\":true,\"path\":\"/\"}}', '2025-02-25 08:13:35', '2025-02-25 08:13:35'),
('Ju1jXvgt2XtCa9ZLV5ct1Dj93VPSWMCc', '2025-02-26 11:39:29', '{\"cookie\":{\"originalMaxAge\":null,\"expires\":null,\"secure\":false,\"httpOnly\":true,\"path\":\"/\"}}', '2025-02-25 11:39:29', '2025-02-25 11:39:29'),
('JUFUX_jj4y6Pk9kdCbjLyFH-CCnUzZMY', '2025-02-26 08:55:43', '{\"cookie\":{\"originalMaxAge\":null,\"expires\":null,\"secure\":false,\"httpOnly\":true,\"path\":\"/\"}}', '2025-02-25 08:55:43', '2025-02-25 08:55:43'),
('jv2G_FI8wPz3kebG-BHVNqbFOQ-_SmJv', '2025-02-26 06:57:22', '{\"cookie\":{\"originalMaxAge\":null,\"expires\":null,\"secure\":false,\"httpOnly\":true,\"path\":\"/\"}}', '2025-02-25 06:57:22', '2025-02-25 06:57:22'),
('jxUph80wCOSerBbCKD1WPiJvTMSf22xY', '2025-02-26 10:52:32', '{\"cookie\":{\"originalMaxAge\":null,\"expires\":null,\"secure\":false,\"httpOnly\":true,\"path\":\"/\"}}', '2025-02-25 10:52:32', '2025-02-25 10:52:32'),
('JY7BSvcE-Irr9iwO7KEkIvo_PW3eBeMG', '2025-02-26 08:48:07', '{\"cookie\":{\"originalMaxAge\":null,\"expires\":null,\"secure\":false,\"httpOnly\":true,\"path\":\"/\"}}', '2025-02-25 08:48:07', '2025-02-25 08:48:07'),
('jYG7TnNVBA-M1Fctw-38Zcmxs6BsA-xT', '2025-02-26 10:11:17', '{\"cookie\":{\"originalMaxAge\":null,\"expires\":null,\"secure\":false,\"httpOnly\":true,\"path\":\"/\"}}', '2025-02-25 10:11:17', '2025-02-25 10:11:17'),
('JZNi21oja1XhcK-5bZwKcapQPnESKeFG', '2025-02-26 06:57:34', '{\"cookie\":{\"originalMaxAge\":null,\"expires\":null,\"secure\":false,\"httpOnly\":true,\"path\":\"/\"}}', '2025-02-25 06:57:34', '2025-02-25 06:57:34'),
('j_1a0gGwp2QMwvWXf4Sedh0vfwMYLJQS', '2025-02-26 09:07:32', '{\"cookie\":{\"originalMaxAge\":null,\"expires\":null,\"secure\":false,\"httpOnly\":true,\"path\":\"/\"}}', '2025-02-25 09:07:32', '2025-02-25 09:07:32'),
('K-V0AWhkFlFkNu7QSSAhBhb37wRO78dc', '2025-02-26 06:58:29', '{\"cookie\":{\"originalMaxAge\":null,\"expires\":null,\"secure\":false,\"httpOnly\":true,\"path\":\"/\"}}', '2025-02-25 06:58:29', '2025-02-25 06:58:29'),
('K2RiPUpm1u02nyX7Npri3c_VF_0uNLns', '2025-02-26 08:55:40', '{\"cookie\":{\"originalMaxAge\":null,\"expires\":null,\"secure\":false,\"httpOnly\":true,\"path\":\"/\"}}', '2025-02-25 08:55:40', '2025-02-25 08:55:40'),
('K99UWJrZcaQWdA2wmCsel-Vw2xQgd-GM', '2025-02-26 08:55:21', '{\"cookie\":{\"originalMaxAge\":null,\"expires\":null,\"secure\":false,\"httpOnly\":true,\"path\":\"/\"}}', '2025-02-25 08:55:21', '2025-02-25 08:55:21'),
('kBlnc9eryWzzTy4KxV0jSmSer41ZogUL', '2025-02-26 09:03:00', '{\"cookie\":{\"originalMaxAge\":null,\"expires\":null,\"secure\":false,\"httpOnly\":true,\"path\":\"/\"}}', '2025-02-25 09:03:00', '2025-02-25 09:03:00'),
('khhTiF-sgM1SV7tzZEQlmVnYxegTWUe-', '2025-02-26 08:54:58', '{\"cookie\":{\"originalMaxAge\":null,\"expires\":null,\"secure\":false,\"httpOnly\":true,\"path\":\"/\"}}', '2025-02-25 08:54:58', '2025-02-25 08:54:58'),
('kJucut1QnlJCN0KXGpC5W-WuYlMFb3N6', '2025-02-26 08:36:31', '{\"cookie\":{\"originalMaxAge\":null,\"expires\":null,\"secure\":false,\"httpOnly\":true,\"path\":\"/\"}}', '2025-02-25 08:36:31', '2025-02-25 08:36:31'),
('KLG8D4HwezC7PsBFEsplS5IAzGQ9xi1c', '2025-02-26 08:50:26', '{\"cookie\":{\"originalMaxAge\":null,\"expires\":null,\"secure\":false,\"httpOnly\":true,\"path\":\"/\"}}', '2025-02-25 08:50:26', '2025-02-25 08:50:26'),
('KlNkUd3n_O5iOr3cBxEwm2PFSi6uM8v3', '2025-02-26 09:07:32', '{\"cookie\":{\"originalMaxAge\":null,\"expires\":null,\"secure\":false,\"httpOnly\":true,\"path\":\"/\"}}', '2025-02-25 09:07:32', '2025-02-25 09:07:32'),
('KlOf8sI3vuyK2i40pKz4blUWXGcefCKe', '2025-02-26 09:50:19', '{\"cookie\":{\"originalMaxAge\":null,\"expires\":null,\"secure\":false,\"httpOnly\":true,\"path\":\"/\"}}', '2025-02-25 09:50:19', '2025-02-25 09:50:19');
INSERT INTO `sessions` (`sid`, `expires`, `data`, `createdAt`, `updatedAt`) VALUES
('KmSNDWlF27WyX11tBBlFWbOT3XJ9ov5x', '2025-02-26 09:50:31', '{\"cookie\":{\"originalMaxAge\":null,\"expires\":null,\"secure\":false,\"httpOnly\":true,\"path\":\"/\"}}', '2025-02-25 09:50:31', '2025-02-25 09:50:31'),
('kPHeiDgbVroftrulrEqrDpZJfbr7vkVg', '2025-02-26 08:36:35', '{\"cookie\":{\"originalMaxAge\":null,\"expires\":null,\"secure\":false,\"httpOnly\":true,\"path\":\"/\"}}', '2025-02-25 08:36:35', '2025-02-25 08:36:35'),
('KT2IWaZD0HjBlg8iuVmxracKkeOjTaEQ', '2025-02-26 08:51:54', '{\"cookie\":{\"originalMaxAge\":null,\"expires\":null,\"secure\":false,\"httpOnly\":true,\"path\":\"/\"}}', '2025-02-25 08:51:54', '2025-02-25 08:51:54'),
('KUrL-lMNdAQAewEBSV4AmR3mTFI_3JWU', '2025-02-26 10:41:58', '{\"cookie\":{\"originalMaxAge\":null,\"expires\":null,\"secure\":false,\"httpOnly\":true,\"path\":\"/\"}}', '2025-02-25 10:41:58', '2025-02-25 10:41:58'),
('KWtaOzUAMXmLqm71UMylQgT-u7qs5Cf2', '2025-02-26 08:47:05', '{\"cookie\":{\"originalMaxAge\":null,\"expires\":null,\"secure\":false,\"httpOnly\":true,\"path\":\"/\"}}', '2025-02-25 08:47:05', '2025-02-25 08:47:05'),
('KY7hrvLzXDGeAqZGOlMiS2Qv2f8ZH2id', '2025-02-26 10:08:48', '{\"cookie\":{\"originalMaxAge\":null,\"expires\":null,\"secure\":false,\"httpOnly\":true,\"path\":\"/\"}}', '2025-02-25 10:08:48', '2025-02-25 10:08:48'),
('KyHlAjdipcTFi_mNQe6gdb6B7ocBuTyc', '2025-02-26 11:17:39', '{\"cookie\":{\"originalMaxAge\":null,\"expires\":null,\"secure\":false,\"httpOnly\":true,\"path\":\"/\"}}', '2025-02-25 11:17:39', '2025-02-25 11:17:39'),
('kZRLEk2FUqMjCZRoX186DlwOi8aaPpbZ', '2025-02-26 06:58:29', '{\"cookie\":{\"originalMaxAge\":null,\"expires\":null,\"secure\":false,\"httpOnly\":true,\"path\":\"/\"}}', '2025-02-25 06:58:29', '2025-02-25 06:58:29'),
('L1U-n5vJIY6AATx2XKViDb3QxlPJi7Ue', '2025-02-26 08:36:31', '{\"cookie\":{\"originalMaxAge\":null,\"expires\":null,\"secure\":false,\"httpOnly\":true,\"path\":\"/\"}}', '2025-02-25 08:36:31', '2025-02-25 08:36:31'),
('L4stiudanV-cNRb99N7Ok7yTGHjh4cxY', '2025-02-26 10:06:48', '{\"cookie\":{\"originalMaxAge\":null,\"expires\":null,\"secure\":false,\"httpOnly\":true,\"path\":\"/\"}}', '2025-02-25 10:06:48', '2025-02-25 10:06:48'),
('LAaRbFlWDV7bYoS3UTzv7ClnvYrcCWEq', '2025-02-26 09:04:46', '{\"cookie\":{\"originalMaxAge\":null,\"expires\":null,\"secure\":false,\"httpOnly\":true,\"path\":\"/\"}}', '2025-02-25 09:04:46', '2025-02-25 09:04:46'),
('LdWJ0XtZFMNcGP__VJgfHfOU_8bMemX7', '2025-02-26 11:39:29', '{\"cookie\":{\"originalMaxAge\":null,\"expires\":null,\"secure\":false,\"httpOnly\":true,\"path\":\"/\"}}', '2025-02-25 11:39:29', '2025-02-25 11:39:29'),
('LihHFWAWm0OhXHJ3l8l2dZf2OpZjh36e', '2025-02-26 09:52:45', '{\"cookie\":{\"originalMaxAge\":null,\"expires\":null,\"secure\":false,\"httpOnly\":true,\"path\":\"/\"}}', '2025-02-25 09:52:45', '2025-02-25 09:52:45'),
('LIuPh_HF5YD7tBTuM7KFkVhqdhs6zek3', '2025-02-26 09:52:44', '{\"cookie\":{\"originalMaxAge\":null,\"expires\":null,\"secure\":false,\"httpOnly\":true,\"path\":\"/\"}}', '2025-02-25 09:52:44', '2025-02-25 09:52:44'),
('LJyj3UWGPWm8mYn2RCf2utitFSjP0iw5', '2025-02-26 09:50:31', '{\"cookie\":{\"originalMaxAge\":null,\"expires\":null,\"secure\":false,\"httpOnly\":true,\"path\":\"/\"}}', '2025-02-25 09:50:31', '2025-02-25 09:50:31'),
('LTWkGekv2HHEbjlufr2Tjf94bwU_ifd0', '2025-02-26 11:41:33', '{\"cookie\":{\"originalMaxAge\":null,\"expires\":null,\"secure\":false,\"httpOnly\":true,\"path\":\"/\"}}', '2025-02-25 11:41:33', '2025-02-25 11:41:33'),
('LUSu40SU31Z_S-HHhMnhj4Qr81bKKmLo', '2025-02-26 10:52:32', '{\"cookie\":{\"originalMaxAge\":null,\"expires\":null,\"secure\":false,\"httpOnly\":true,\"path\":\"/\"}}', '2025-02-25 10:52:32', '2025-02-25 10:52:32'),
('LvpXHUCNu73tJXppKl5ZGAwhIU2kZ1JM', '2025-02-26 08:45:56', '{\"cookie\":{\"originalMaxAge\":null,\"expires\":null,\"secure\":false,\"httpOnly\":true,\"path\":\"/\"}}', '2025-02-25 08:45:56', '2025-02-25 08:45:56'),
('LWzhxM_tZKs2uvsu1W3IEf4B6jSnSxW5', '2025-02-26 08:50:42', '{\"cookie\":{\"originalMaxAge\":null,\"expires\":null,\"secure\":false,\"httpOnly\":true,\"path\":\"/\"}}', '2025-02-25 08:50:42', '2025-02-25 08:50:42'),
('lXSZH7clo3UcDFxd-EiDJlvu0GlVQo_6', '2025-02-26 08:58:06', '{\"cookie\":{\"originalMaxAge\":null,\"expires\":null,\"secure\":false,\"httpOnly\":true,\"path\":\"/\"}}', '2025-02-25 08:58:06', '2025-02-25 08:58:06'),
('lyaiuxziUHUu3vnTjNC1auU6fg7IbS8R', '2025-02-26 08:57:08', '{\"cookie\":{\"originalMaxAge\":null,\"expires\":null,\"secure\":false,\"httpOnly\":true,\"path\":\"/\"}}', '2025-02-25 08:57:08', '2025-02-25 08:57:08'),
('l_F3jaTj3CnnSkh_lKOD2VMsORi9A058', '2025-02-26 09:59:59', '{\"cookie\":{\"originalMaxAge\":null,\"expires\":null,\"secure\":false,\"httpOnly\":true,\"path\":\"/\"}}', '2025-02-25 09:59:59', '2025-02-25 09:59:59'),
('l_tlCp20t8mvqLxBVeUwHynQQZdtpVn_', '2025-02-26 08:48:30', '{\"cookie\":{\"originalMaxAge\":null,\"expires\":null,\"secure\":false,\"httpOnly\":true,\"path\":\"/\"}}', '2025-02-25 08:48:30', '2025-02-25 08:48:30'),
('m2t_KSOcxJU5IykEZCIOrTfJMclKTPfg', '2025-02-26 09:57:21', '{\"cookie\":{\"originalMaxAge\":null,\"expires\":null,\"secure\":false,\"httpOnly\":true,\"path\":\"/\"}}', '2025-02-25 09:57:21', '2025-02-25 09:57:21'),
('M7fHTKBAtF7IGa2rPhJyEF0Q-mzGZxNU', '2025-02-26 09:07:45', '{\"cookie\":{\"originalMaxAge\":null,\"expires\":null,\"secure\":false,\"httpOnly\":true,\"path\":\"/\"}}', '2025-02-25 09:07:45', '2025-02-25 09:07:45'),
('mClReVrRBOMAoFi4vuM4ebt1ygOrIKP4', '2025-02-26 10:31:50', '{\"cookie\":{\"originalMaxAge\":null,\"expires\":null,\"secure\":false,\"httpOnly\":true,\"path\":\"/\"}}', '2025-02-25 10:31:50', '2025-02-25 10:31:50'),
('MFjZ9MQL6xCLx920ncuoDGpKVs3mhK0J', '2025-02-26 10:46:33', '{\"cookie\":{\"originalMaxAge\":null,\"expires\":null,\"secure\":false,\"httpOnly\":true,\"path\":\"/\"}}', '2025-02-25 10:46:33', '2025-02-25 10:46:33'),
('MinQtGSp6XkcIMZKcLc5fNTi-mh20f_f', '2025-02-26 10:46:34', '{\"cookie\":{\"originalMaxAge\":null,\"expires\":null,\"secure\":false,\"httpOnly\":true,\"path\":\"/\"}}', '2025-02-25 10:46:34', '2025-02-25 10:46:34'),
('mKNE4m7trQOwd-nweY7rN0FFVPZUkF54', '2025-02-26 08:48:37', '{\"cookie\":{\"originalMaxAge\":null,\"expires\":null,\"secure\":false,\"httpOnly\":true,\"path\":\"/\"}}', '2025-02-25 08:48:37', '2025-02-25 08:48:37'),
('mKqvR9Rc1Y5yNAJRib_HdnNn2PADXYBJ', '2025-02-26 08:30:49', '{\"cookie\":{\"originalMaxAge\":null,\"expires\":null,\"secure\":false,\"httpOnly\":true,\"path\":\"/\"}}', '2025-02-25 08:30:49', '2025-02-25 08:30:49'),
('MlY-QSKW5Qvnd18t-IQBIfbb9AfgmG4v', '2025-02-26 08:55:40', '{\"cookie\":{\"originalMaxAge\":null,\"expires\":null,\"secure\":false,\"httpOnly\":true,\"path\":\"/\"}}', '2025-02-25 08:55:40', '2025-02-25 08:55:40'),
('mq0XLS6w2UqaJa-9UwQsZ9zzRLyewUXv', '2025-02-26 11:41:33', '{\"cookie\":{\"originalMaxAge\":null,\"expires\":null,\"secure\":false,\"httpOnly\":true,\"path\":\"/\"}}', '2025-02-25 11:41:33', '2025-02-25 11:41:33'),
('msHbjM9YxwhWrUjfVznsrP-QLDpMVIcH', '2025-02-26 09:01:25', '{\"cookie\":{\"originalMaxAge\":null,\"expires\":null,\"secure\":false,\"httpOnly\":true,\"path\":\"/\"}}', '2025-02-25 09:01:25', '2025-02-25 09:01:25'),
('mwfeg5BPY1bnz-SZXnKQmdQJYNYJ3Fq7', '2025-02-26 08:30:29', '{\"cookie\":{\"originalMaxAge\":null,\"expires\":null,\"secure\":false,\"httpOnly\":true,\"path\":\"/\"}}', '2025-02-25 08:30:29', '2025-02-25 08:30:29'),
('mWuib4qDjTYgvNonFcxxebxyEwzgm63J', '2025-02-26 06:58:22', '{\"cookie\":{\"originalMaxAge\":null,\"expires\":null,\"secure\":false,\"httpOnly\":true,\"path\":\"/\"}}', '2025-02-25 06:58:22', '2025-02-25 06:58:22'),
('Mxh0OwpQgW4-mbhkvq0bha61Tvbk62k7', '2025-02-26 08:28:48', '{\"cookie\":{\"originalMaxAge\":null,\"expires\":null,\"secure\":false,\"httpOnly\":true,\"path\":\"/\"}}', '2025-02-25 08:28:48', '2025-02-25 08:28:48'),
('m_FZAhephqaGhR6qbu0nInYDcO0Cf7wC', '2025-02-26 09:01:19', '{\"cookie\":{\"originalMaxAge\":null,\"expires\":null,\"secure\":false,\"httpOnly\":true,\"path\":\"/\"}}', '2025-02-25 09:01:19', '2025-02-25 09:01:19'),
('n1Y1AQunFZIpAhiT8HrNUn1vBZGJqQkt', '2025-02-26 08:09:52', '{\"cookie\":{\"originalMaxAge\":null,\"expires\":null,\"secure\":false,\"httpOnly\":true,\"path\":\"/\"}}', '2025-02-25 08:09:52', '2025-02-25 08:09:52'),
('N2oit0QUy7bjSfAcQwZNY6ACj9DvRRh7', '2025-02-26 09:50:31', '{\"cookie\":{\"originalMaxAge\":null,\"expires\":null,\"secure\":false,\"httpOnly\":true,\"path\":\"/\"}}', '2025-02-25 09:50:31', '2025-02-25 09:50:31'),
('N9pHzOL0DASLV3rVkYczcmtgYO-uBKcl', '2025-02-26 11:25:05', '{\"cookie\":{\"originalMaxAge\":null,\"expires\":null,\"secure\":false,\"httpOnly\":true,\"path\":\"/\"}}', '2025-02-25 11:25:05', '2025-02-25 11:25:05'),
('NdrMF_xMS7DSitOB80hg68DdMOvBUcez', '2025-02-26 11:24:46', '{\"cookie\":{\"originalMaxAge\":null,\"expires\":null,\"secure\":false,\"httpOnly\":true,\"path\":\"/\"}}', '2025-02-25 11:24:46', '2025-02-25 11:24:46'),
('nfe5TAjgWMORSzFWmP28lalRlx4RtiT2', '2025-02-26 08:48:07', '{\"cookie\":{\"originalMaxAge\":null,\"expires\":null,\"secure\":false,\"httpOnly\":true,\"path\":\"/\"}}', '2025-02-25 08:48:07', '2025-02-25 08:48:07'),
('nJR4uDklbHoddycAupIpp-s1AzNx4j41', '2025-02-26 08:54:36', '{\"cookie\":{\"originalMaxAge\":null,\"expires\":null,\"secure\":false,\"httpOnly\":true,\"path\":\"/\"}}', '2025-02-25 08:54:36', '2025-02-25 08:54:36'),
('npNPtV28dAYW-QQsfeP1D0YDk8p1wh5H', '2025-02-26 08:54:38', '{\"cookie\":{\"originalMaxAge\":null,\"expires\":null,\"secure\":false,\"httpOnly\":true,\"path\":\"/\"}}', '2025-02-25 08:54:38', '2025-02-25 08:54:38'),
('NuvLBqxuVHG8eUg5g2wtDU0Rxwe03E5v', '2025-02-26 08:51:51', '{\"cookie\":{\"originalMaxAge\":null,\"expires\":null,\"secure\":false,\"httpOnly\":true,\"path\":\"/\"}}', '2025-02-25 08:51:51', '2025-02-25 08:51:51'),
('NvChkMnYEg3tD7kbJqh6Hqm58QEm6ZCQ', '2025-02-26 08:43:40', '{\"cookie\":{\"originalMaxAge\":null,\"expires\":null,\"secure\":false,\"httpOnly\":true,\"path\":\"/\"}}', '2025-02-25 08:43:40', '2025-02-25 08:43:40'),
('NVwEYBFnu8j1nTSmSN0a5ZVTFqXCP3w-', '2025-02-26 08:11:18', '{\"cookie\":{\"originalMaxAge\":null,\"expires\":null,\"secure\":false,\"httpOnly\":true,\"path\":\"/\"}}', '2025-02-25 08:11:18', '2025-02-25 08:11:18'),
('NzA5bzs5ieCLVFdEUb6XaSH7r8rmPEwR', '2025-02-26 08:10:45', '{\"cookie\":{\"originalMaxAge\":null,\"expires\":null,\"secure\":false,\"httpOnly\":true,\"path\":\"/\"}}', '2025-02-25 08:10:45', '2025-02-25 08:10:45'),
('NZKlarV0OcwM-dZVdWkzhoyeYSnIYryQ', '2025-02-26 06:56:09', '{\"cookie\":{\"originalMaxAge\":null,\"expires\":null,\"secure\":false,\"httpOnly\":true,\"path\":\"/\"}}', '2025-02-25 06:54:55', '2025-02-25 06:56:09'),
('N_VvAwUEbCkEyVGwvzvUSOPdcwM8PrcZ', '2025-02-26 09:46:20', '{\"cookie\":{\"originalMaxAge\":null,\"expires\":null,\"secure\":false,\"httpOnly\":true,\"path\":\"/\"}}', '2025-02-25 09:46:20', '2025-02-25 09:46:20'),
('o4dbIkKC4pq_ZvGdoQDij_23H9VlSl5P', '2025-02-26 08:30:59', '{\"cookie\":{\"originalMaxAge\":null,\"expires\":null,\"secure\":false,\"httpOnly\":true,\"path\":\"/\"}}', '2025-02-25 08:30:59', '2025-02-25 08:30:59'),
('o8CW4Ck0B3zrC7LfYQ2d9rcuAxzWhg4w', '2025-02-26 06:57:54', '{\"cookie\":{\"originalMaxAge\":null,\"expires\":null,\"secure\":false,\"httpOnly\":true,\"path\":\"/\"}}', '2025-02-25 06:57:54', '2025-02-25 06:57:54'),
('O916r1gIID8siaIdk18fLERw7OJARr6I', '2025-02-26 09:07:43', '{\"cookie\":{\"originalMaxAge\":null,\"expires\":null,\"secure\":false,\"httpOnly\":true,\"path\":\"/\"}}', '2025-02-25 09:07:43', '2025-02-25 09:07:43'),
('o9c6OyC9Ibpk1LpocNSP-bin3Bfcd9_w', '2025-02-26 08:48:06', '{\"cookie\":{\"originalMaxAge\":null,\"expires\":null,\"secure\":false,\"httpOnly\":true,\"path\":\"/\"}}', '2025-02-25 08:48:06', '2025-02-25 08:48:06'),
('OBSssrmDJfC73rNj5PqVoADIAM7utSAl', '2025-02-26 10:04:44', '{\"cookie\":{\"originalMaxAge\":null,\"expires\":null,\"secure\":false,\"httpOnly\":true,\"path\":\"/\"}}', '2025-02-25 10:04:44', '2025-02-25 10:04:44'),
('ocImKZoxEBHldP6X5UjMZXum-JmhjQm4', '2025-02-26 09:48:17', '{\"cookie\":{\"originalMaxAge\":null,\"expires\":null,\"secure\":false,\"httpOnly\":true,\"path\":\"/\"}}', '2025-02-25 09:48:18', '2025-02-25 09:48:18'),
('OENMZwubaC8IfMWEEnMuBWl_X845Qrn0', '2025-02-26 08:39:44', '{\"cookie\":{\"originalMaxAge\":null,\"expires\":null,\"secure\":false,\"httpOnly\":true,\"path\":\"/\"}}', '2025-02-25 08:39:44', '2025-02-25 08:39:44'),
('OgYDtj9-SYsSIqSwDdGQE1eTo21voWcL', '2025-02-26 11:25:05', '{\"cookie\":{\"originalMaxAge\":null,\"expires\":null,\"secure\":false,\"httpOnly\":true,\"path\":\"/\"}}', '2025-02-25 11:25:05', '2025-02-25 11:25:05'),
('OhwqTB7R0IDXU5xuLgl0ishSperg9-F5', '2025-02-26 08:29:06', '{\"cookie\":{\"originalMaxAge\":null,\"expires\":null,\"secure\":false,\"httpOnly\":true,\"path\":\"/\"}}', '2025-02-25 08:29:06', '2025-02-25 08:29:06'),
('okCr80sd7hK3AICrSlVKRbuVdpmmyIaK', '2025-02-26 09:46:26', '{\"cookie\":{\"originalMaxAge\":null,\"expires\":null,\"secure\":false,\"httpOnly\":true,\"path\":\"/\"}}', '2025-02-25 09:46:26', '2025-02-25 09:46:26'),
('oli6IjgIZN9RxqMdHlzoPOEsNfvQ62t7', '2025-02-26 06:57:46', '{\"cookie\":{\"originalMaxAge\":null,\"expires\":null,\"secure\":false,\"httpOnly\":true,\"path\":\"/\"}}', '2025-02-25 06:57:46', '2025-02-25 06:57:46'),
('OlsiBIrpdWsSGl_4RVzYOnWOLQIzTYMk', '2025-02-26 08:50:21', '{\"cookie\":{\"originalMaxAge\":null,\"expires\":null,\"secure\":false,\"httpOnly\":true,\"path\":\"/\"}}', '2025-02-25 08:50:21', '2025-02-25 08:50:21'),
('omUjNHVm9QPiEWLV_mWk4c7R9uih2ek2', '2025-02-26 08:10:59', '{\"cookie\":{\"originalMaxAge\":null,\"expires\":null,\"secure\":false,\"httpOnly\":true,\"path\":\"/\"}}', '2025-02-25 08:10:59', '2025-02-25 08:10:59'),
('ONcgqleEemPzAkLcaxRaztHzR5h1tzu7', '2025-02-26 08:10:18', '{\"cookie\":{\"originalMaxAge\":null,\"expires\":null,\"secure\":false,\"httpOnly\":true,\"path\":\"/\"}}', '2025-02-25 08:10:18', '2025-02-25 08:10:18'),
('oRXwZJX9ZkkDaZKx_bLHAPZbxCuc_ucr', '2025-02-26 06:58:05', '{\"cookie\":{\"originalMaxAge\":null,\"expires\":null,\"secure\":false,\"httpOnly\":true,\"path\":\"/\"}}', '2025-02-25 06:58:05', '2025-02-25 06:58:05'),
('OUi-gM3xDEQN8OER1m_lTunRk0vvUyli', '2025-02-26 08:30:04', '{\"cookie\":{\"originalMaxAge\":null,\"expires\":null,\"secure\":false,\"httpOnly\":true,\"path\":\"/\"}}', '2025-02-25 08:30:04', '2025-02-25 08:30:04'),
('oV_U6c3WJXHTEySPKn9MwCSBaryZgjJ9', '2025-02-26 08:50:58', '{\"cookie\":{\"originalMaxAge\":null,\"expires\":null,\"secure\":false,\"httpOnly\":true,\"path\":\"/\"}}', '2025-02-25 08:50:58', '2025-02-25 08:50:58'),
('OWDeNMWhLpYlaxvYyO4Rsj9sjmH3cfoR', '2025-02-26 08:51:50', '{\"cookie\":{\"originalMaxAge\":null,\"expires\":null,\"secure\":false,\"httpOnly\":true,\"path\":\"/\"}}', '2025-02-25 08:51:50', '2025-02-25 08:51:50'),
('OY45LQqlBNAX3bOJXlB6h6caTmxEfN4F', '2025-02-26 08:48:21', '{\"cookie\":{\"originalMaxAge\":null,\"expires\":null,\"secure\":false,\"httpOnly\":true,\"path\":\"/\"}}', '2025-02-25 08:48:21', '2025-02-25 08:48:21'),
('OYRiryEh2bVBVFyTxXMoAAfNW3R8SE6n', '2025-02-26 08:13:42', '{\"cookie\":{\"originalMaxAge\":null,\"expires\":null,\"secure\":false,\"httpOnly\":true,\"path\":\"/\"}}', '2025-02-25 08:13:42', '2025-02-25 08:13:42'),
('oYU94I7ru9WhnxUDFu2cF2bWW2FCQSnf', '2025-02-26 09:01:19', '{\"cookie\":{\"originalMaxAge\":null,\"expires\":null,\"secure\":false,\"httpOnly\":true,\"path\":\"/\"}}', '2025-02-25 09:01:19', '2025-02-25 09:01:19'),
('p3q9QbcCxfX96DNC5K7Tesx0RSOtGGem', '2025-02-26 08:48:06', '{\"cookie\":{\"originalMaxAge\":null,\"expires\":null,\"secure\":false,\"httpOnly\":true,\"path\":\"/\"}}', '2025-02-25 08:48:06', '2025-02-25 08:48:06'),
('p5aHpbZfjSQzUSw9bJwGS12jtjINDwDr', '2025-02-26 08:54:58', '{\"cookie\":{\"originalMaxAge\":null,\"expires\":null,\"secure\":false,\"httpOnly\":true,\"path\":\"/\"}}', '2025-02-25 08:54:58', '2025-02-25 08:54:58'),
('P8zERTRgGX5o2QfWWw3Q4t7FABfRuJqR', '2025-02-26 08:59:15', '{\"cookie\":{\"originalMaxAge\":null,\"expires\":null,\"secure\":false,\"httpOnly\":true,\"path\":\"/\"}}', '2025-02-25 08:59:15', '2025-02-25 08:59:15'),
('pg_7i2gJMPSlAMU8ixkbnIf38w2bvWg9', '2025-02-26 06:57:34', '{\"cookie\":{\"originalMaxAge\":null,\"expires\":null,\"secure\":false,\"httpOnly\":true,\"path\":\"/\"}}', '2025-02-25 06:57:34', '2025-02-25 06:57:34'),
('PHJVaSBEcgueJZE23x5_aVluB0bU3x0i', '2025-02-26 06:58:32', '{\"cookie\":{\"originalMaxAge\":null,\"expires\":null,\"secure\":false,\"httpOnly\":true,\"path\":\"/\"}}', '2025-02-25 06:58:32', '2025-02-25 06:58:32'),
('pjHO6unWKSq1aud9yhpkVaKXnsMxOCbm', '2025-02-26 10:05:24', '{\"cookie\":{\"originalMaxAge\":null,\"expires\":null,\"secure\":false,\"httpOnly\":true,\"path\":\"/\"}}', '2025-02-25 10:05:24', '2025-02-25 10:05:24'),
('pJl_fC3_LU5c7mqMpjtziCdAo-CRNeMY', '2025-02-26 11:17:50', '{\"cookie\":{\"originalMaxAge\":null,\"expires\":null,\"secure\":false,\"httpOnly\":true,\"path\":\"/\"}}', '2025-02-25 11:17:50', '2025-02-25 11:17:50'),
('PkrfOoZxUUKtWJgsZK8ZNjkhN_c55_un', '2025-02-26 08:55:35', '{\"cookie\":{\"originalMaxAge\":null,\"expires\":null,\"secure\":false,\"httpOnly\":true,\"path\":\"/\"}}', '2025-02-25 08:55:35', '2025-02-25 08:55:35'),
('plqph7URUw6zvIXUOXUaW2fyuhENFMqL', '2025-02-26 09:46:23', '{\"cookie\":{\"originalMaxAge\":null,\"expires\":null,\"secure\":false,\"httpOnly\":true,\"path\":\"/\"}}', '2025-02-25 09:46:23', '2025-02-25 09:46:23'),
('pnjrccq8grh8DIiw87zN9Ou3us5XSlk6', '2025-02-26 11:23:44', '{\"cookie\":{\"originalMaxAge\":null,\"expires\":null,\"secure\":false,\"httpOnly\":true,\"path\":\"/\"}}', '2025-02-25 11:23:44', '2025-02-25 11:23:44'),
('pOd9Ck1mq3sSDx_W9eHLuigNl8XbIzmf', '2025-02-26 08:54:34', '{\"cookie\":{\"originalMaxAge\":null,\"expires\":null,\"secure\":false,\"httpOnly\":true,\"path\":\"/\"}}', '2025-02-25 08:54:34', '2025-02-25 08:54:34'),
('pSNDeiPzN4UGHTnkqgeQ9J6t3KVa03tR', '2025-02-26 08:57:06', '{\"cookie\":{\"originalMaxAge\":null,\"expires\":null,\"secure\":false,\"httpOnly\":true,\"path\":\"/\"}}', '2025-02-25 08:57:06', '2025-02-25 08:57:06'),
('Pz4DvHqS3nOsCy8THxIuJoaVE7gMYVob', '2025-02-26 09:57:35', '{\"cookie\":{\"originalMaxAge\":null,\"expires\":null,\"secure\":false,\"httpOnly\":true,\"path\":\"/\"}}', '2025-02-25 09:57:35', '2025-02-25 09:57:35'),
('pzfn_4NuIexs3lzZVvYvk_-tqxW0hrxx', '2025-02-26 10:05:24', '{\"cookie\":{\"originalMaxAge\":null,\"expires\":null,\"secure\":false,\"httpOnly\":true,\"path\":\"/\"}}', '2025-02-25 10:05:24', '2025-02-25 10:05:24'),
('pzx6avkyzd_tmOH-fSQkpZPEp36l6Plu', '2025-02-26 09:46:27', '{\"cookie\":{\"originalMaxAge\":null,\"expires\":null,\"secure\":false,\"httpOnly\":true,\"path\":\"/\"}}', '2025-02-25 09:46:27', '2025-02-25 09:46:27'),
('Q9FBcnwrzSIVct0D43XWMwARXc-VqilK', '2025-02-26 08:42:22', '{\"cookie\":{\"originalMaxAge\":null,\"expires\":null,\"secure\":false,\"httpOnly\":true,\"path\":\"/\"}}', '2025-02-25 08:42:22', '2025-02-25 08:42:22'),
('QCI_4DHgn_f4dYDYokNhcmGEkmhD2pA-', '2025-02-26 09:02:59', '{\"cookie\":{\"originalMaxAge\":null,\"expires\":null,\"secure\":false,\"httpOnly\":true,\"path\":\"/\"}}', '2025-02-25 09:02:59', '2025-02-25 09:02:59'),
('QD0vyo_S3vSssHpD-Fak1gUszDvJdNpJ', '2025-02-26 09:48:17', '{\"cookie\":{\"originalMaxAge\":null,\"expires\":null,\"secure\":false,\"httpOnly\":true,\"path\":\"/\"}}', '2025-02-25 09:48:17', '2025-02-25 09:48:17'),
('qFZJ2tqO9P3ie3-Tahwv9L8g1qM9E_V6', '2025-02-26 09:57:29', '{\"cookie\":{\"originalMaxAge\":null,\"expires\":null,\"secure\":false,\"httpOnly\":true,\"path\":\"/\"}}', '2025-02-25 09:57:29', '2025-02-25 09:57:29'),
('QHl1w8oaORyaVD1VLiXbRloiqTCfMe1V', '2025-02-26 06:57:34', '{\"cookie\":{\"originalMaxAge\":null,\"expires\":null,\"secure\":false,\"httpOnly\":true,\"path\":\"/\"}}', '2025-02-25 06:57:34', '2025-02-25 06:57:34'),
('QNihhdzRf8CdVqKk_lcrZUVeAUHkT86f', '2025-02-26 09:54:22', '{\"cookie\":{\"originalMaxAge\":null,\"expires\":null,\"secure\":false,\"httpOnly\":true,\"path\":\"/\"}}', '2025-02-25 09:54:22', '2025-02-25 09:54:22'),
('QOXh4DbGAI38fbQj48y9i7o00Li_3_Hu', '2025-02-26 09:49:51', '{\"cookie\":{\"originalMaxAge\":null,\"expires\":null,\"secure\":false,\"httpOnly\":true,\"path\":\"/\"}}', '2025-02-25 09:49:51', '2025-02-25 09:49:51'),
('QTh3jp3OU-AXhWxr96zLUC_lVOE0RaZ6', '2025-02-26 08:54:36', '{\"cookie\":{\"originalMaxAge\":null,\"expires\":null,\"secure\":false,\"httpOnly\":true,\"path\":\"/\"}}', '2025-02-25 08:54:36', '2025-02-25 08:54:36'),
('QuwcPWhO9LeRtrsC_yQKG9laPTOkRER-', '2025-02-26 11:17:39', '{\"cookie\":{\"originalMaxAge\":null,\"expires\":null,\"secure\":false,\"httpOnly\":true,\"path\":\"/\"}}', '2025-02-25 11:17:39', '2025-02-25 11:17:39'),
('Qz5-qJgTINpnbihrtfzKaVJHb_Rw3it4', '2025-02-26 11:25:11', '{\"cookie\":{\"originalMaxAge\":null,\"expires\":null,\"secure\":false,\"httpOnly\":true,\"path\":\"/\"}}', '2025-02-25 11:25:11', '2025-02-25 11:25:11'),
('R3Cvxc4Xd76Gg1g4zRis7Fv0ulgEIPKS', '2025-02-26 08:54:39', '{\"cookie\":{\"originalMaxAge\":null,\"expires\":null,\"secure\":false,\"httpOnly\":true,\"path\":\"/\"}}', '2025-02-25 08:54:39', '2025-02-25 08:54:39'),
('R4duUT9IQUUWK13Yucmk2tMtyhXLrNl9', '2025-02-26 11:24:53', '{\"cookie\":{\"originalMaxAge\":null,\"expires\":null,\"secure\":false,\"httpOnly\":true,\"path\":\"/\"}}', '2025-02-25 11:24:53', '2025-02-25 11:24:53'),
('rFRHt60oMY2z23epzrMq3RS5WsSU_vOU', '2025-02-26 08:36:18', '{\"cookie\":{\"originalMaxAge\":null,\"expires\":null,\"secure\":false,\"httpOnly\":true,\"path\":\"/\"}}', '2025-02-25 08:36:18', '2025-02-25 08:36:18'),
('rhnMmtJPlHjWjcAB9vf9R3Tjl3LgEUfD', '2025-02-26 08:09:52', '{\"cookie\":{\"originalMaxAge\":null,\"expires\":null,\"secure\":false,\"httpOnly\":true,\"path\":\"/\"}}', '2025-02-25 08:09:52', '2025-02-25 08:09:52'),
('rjxllvy_NVKLJ4dto1c9rgKM2k2yKDXy', '2025-02-26 11:17:49', '{\"cookie\":{\"originalMaxAge\":null,\"expires\":null,\"secure\":false,\"httpOnly\":true,\"path\":\"/\"}}', '2025-02-25 11:17:49', '2025-02-25 11:17:49'),
('rL259yfns6Kf0vTYwoI0zpyZsXd2M-qS', '2025-02-26 11:25:03', '{\"cookie\":{\"originalMaxAge\":null,\"expires\":null,\"secure\":false,\"httpOnly\":true,\"path\":\"/\"}}', '2025-02-25 11:25:03', '2025-02-25 11:25:03'),
('rM_BjUJ9M4oTm2hghzR3EathHahp0sjI', '2025-02-26 08:54:58', '{\"cookie\":{\"originalMaxAge\":null,\"expires\":null,\"secure\":false,\"httpOnly\":true,\"path\":\"/\"}}', '2025-02-25 08:54:58', '2025-02-25 08:54:58'),
('rO3P2Okhvmpx4lzFsEg3zycrzZM4VPvm', '2025-02-26 08:27:01', '{\"cookie\":{\"originalMaxAge\":null,\"expires\":null,\"secure\":false,\"httpOnly\":true,\"path\":\"/\"}}', '2025-02-25 08:27:01', '2025-02-25 08:27:01'),
('Rp2HDTSk1R84JWhjHZDt_jmjSLwcK0OD', '2025-02-26 08:48:14', '{\"cookie\":{\"originalMaxAge\":null,\"expires\":null,\"secure\":false,\"httpOnly\":true,\"path\":\"/\"}}', '2025-02-25 08:48:14', '2025-02-25 08:48:14'),
('rq8nv8orWjKC1qulM0xI8tac8cdoZ5Hy', '2025-02-26 08:10:28', '{\"cookie\":{\"originalMaxAge\":null,\"expires\":null,\"secure\":false,\"httpOnly\":true,\"path\":\"/\"}}', '2025-02-25 08:10:28', '2025-02-25 08:10:28'),
('RQEz9VYdbwgfoGkxwWdBIamA-ybcx0Qg', '2025-02-26 09:50:18', '{\"cookie\":{\"originalMaxAge\":null,\"expires\":null,\"secure\":false,\"httpOnly\":true,\"path\":\"/\"}}', '2025-02-25 09:50:18', '2025-02-25 09:50:18'),
('rSt-NXes5y1oY9b2atOnw0nRRrQv7LEJ', '2025-02-26 08:36:18', '{\"cookie\":{\"originalMaxAge\":null,\"expires\":null,\"secure\":false,\"httpOnly\":true,\"path\":\"/\"}}', '2025-02-25 08:36:18', '2025-02-25 08:36:18'),
('RWPV3Mhqjlqz7QyXNgHNUd1XAcyHz4Ur', '2025-02-26 08:48:14', '{\"cookie\":{\"originalMaxAge\":null,\"expires\":null,\"secure\":false,\"httpOnly\":true,\"path\":\"/\"}}', '2025-02-25 08:48:14', '2025-02-25 08:48:14'),
('RWSnEMSJM8e3jdE2c70U-FA4rc3k_JJF', '2025-02-26 06:57:42', '{\"cookie\":{\"originalMaxAge\":null,\"expires\":null,\"secure\":false,\"httpOnly\":true,\"path\":\"/\"}}', '2025-02-25 06:57:42', '2025-02-25 06:57:42'),
('rY3OnswFycGSsBepNJjFkhMiq6bWojcM', '2025-02-26 10:03:34', '{\"cookie\":{\"originalMaxAge\":null,\"expires\":null,\"secure\":false,\"httpOnly\":true,\"path\":\"/\"}}', '2025-02-25 10:03:34', '2025-02-25 10:03:34'),
('Ryvvo1Gn61Ruw_TGLhxr1voPc7KQmwK1', '2025-02-26 09:48:18', '{\"cookie\":{\"originalMaxAge\":null,\"expires\":null,\"secure\":false,\"httpOnly\":true,\"path\":\"/\"}}', '2025-02-25 09:48:18', '2025-02-25 09:48:18'),
('s7ZJO-zIPcMGzBxHNboxvLccNOgmEzlS', '2025-02-26 08:54:26', '{\"cookie\":{\"originalMaxAge\":null,\"expires\":null,\"secure\":false,\"httpOnly\":true,\"path\":\"/\"}}', '2025-02-25 08:54:26', '2025-02-25 08:54:26'),
('sATS9mcS9lY7N2PimLthDhQJzhP6RkFd', '2025-02-26 06:57:54', '{\"cookie\":{\"originalMaxAge\":null,\"expires\":null,\"secure\":false,\"httpOnly\":true,\"path\":\"/\"}}', '2025-02-25 06:57:54', '2025-02-25 06:57:54'),
('SjvnS_UEjAvdtxvg2oEGBOldoQ8bLBAt', '2025-02-26 10:52:28', '{\"cookie\":{\"originalMaxAge\":null,\"expires\":null,\"secure\":false,\"httpOnly\":true,\"path\":\"/\"}}', '2025-02-25 10:52:28', '2025-02-25 10:52:28'),
('sjWu_2GQO6Q-lJBYkWKP1lmh0i7zg1Gm', '2025-02-26 09:00:56', '{\"cookie\":{\"originalMaxAge\":null,\"expires\":null,\"secure\":false,\"httpOnly\":true,\"path\":\"/\"}}', '2025-02-25 09:00:56', '2025-02-25 09:00:56'),
('sLm2a_cbL3P97S_W9sj6rroHg0UA4j3R', '2025-02-26 08:55:35', '{\"cookie\":{\"originalMaxAge\":null,\"expires\":null,\"secure\":false,\"httpOnly\":true,\"path\":\"/\"}}', '2025-02-25 08:55:35', '2025-02-25 08:55:35'),
('sNVYl2nA8hSoUhHeRB6XIzwtHTD79Uok', '2025-02-26 06:58:05', '{\"cookie\":{\"originalMaxAge\":null,\"expires\":null,\"secure\":false,\"httpOnly\":true,\"path\":\"/\"}}', '2025-02-25 06:58:05', '2025-02-25 06:58:05'),
('T9vwA61ehoQ2PWOgMK1KkSHK8VNHfFop', '2025-02-26 10:03:34', '{\"cookie\":{\"originalMaxAge\":null,\"expires\":null,\"secure\":false,\"httpOnly\":true,\"path\":\"/\"}}', '2025-02-25 10:03:34', '2025-02-25 10:03:34'),
('TDT6afvOBjzHJ44c04SnLy8OxmOGiwxZ', '2025-02-26 08:50:21', '{\"cookie\":{\"originalMaxAge\":null,\"expires\":null,\"secure\":false,\"httpOnly\":true,\"path\":\"/\"}}', '2025-02-25 08:50:21', '2025-02-25 08:50:21'),
('ThSdLHs8je-Jbi0UYbQzrSo5h0Bk4G2v', '2025-02-26 11:35:48', '{\"cookie\":{\"originalMaxAge\":null,\"expires\":null,\"secure\":false,\"httpOnly\":true,\"path\":\"/\"}}', '2025-02-25 11:35:48', '2025-02-25 11:35:48'),
('tK8Mi13Adsy03tLgt9Auo4NdqeGHqfD1', '2025-02-26 10:27:43', '{\"cookie\":{\"originalMaxAge\":null,\"expires\":null,\"secure\":false,\"httpOnly\":true,\"path\":\"/\"}}', '2025-02-25 10:27:43', '2025-02-25 10:27:43'),
('TlpeLaX77fkGf2VofxfSbpj3oearPyYs', '2025-02-26 10:03:28', '{\"cookie\":{\"originalMaxAge\":null,\"expires\":null,\"secure\":false,\"httpOnly\":true,\"path\":\"/\"}}', '2025-02-25 10:03:28', '2025-02-25 10:03:28'),
('tmfaH0pjCc7y7RNBOSyiUq8KXqMeLhbJ', '2025-02-26 11:41:01', '{\"cookie\":{\"originalMaxAge\":null,\"expires\":null,\"secure\":false,\"httpOnly\":true,\"path\":\"/\"}}', '2025-02-25 11:41:01', '2025-02-25 11:41:01'),
('tpyQXnY4ORnJqcO0v_IAqJX8xQEAkbVp', '2025-02-26 09:46:21', '{\"cookie\":{\"originalMaxAge\":null,\"expires\":null,\"secure\":false,\"httpOnly\":true,\"path\":\"/\"}}', '2025-02-25 09:46:21', '2025-02-25 09:46:21'),
('tQxgm168Aq8VuXY2iuyxc0ndyA5IvTPh', '2025-02-26 08:52:25', '{\"cookie\":{\"originalMaxAge\":null,\"expires\":null,\"secure\":false,\"httpOnly\":true,\"path\":\"/\"}}', '2025-02-25 08:52:25', '2025-02-25 08:52:25'),
('tRhn0OFC600KcwIZyvUeLQ4ttHcwYkYQ', '2025-02-26 08:41:11', '{\"cookie\":{\"originalMaxAge\":null,\"expires\":null,\"secure\":false,\"httpOnly\":true,\"path\":\"/\"}}', '2025-02-25 08:41:11', '2025-02-25 08:41:11'),
('tWGwoGjXEJiyP2tfuoga727Dm6pFJ08W', '2025-02-26 08:51:09', '{\"cookie\":{\"originalMaxAge\":null,\"expires\":null,\"secure\":false,\"httpOnly\":true,\"path\":\"/\"}}', '2025-02-25 08:51:09', '2025-02-25 08:51:09'),
('U-u9Hq-14wSj2WbQIJO0_5sF20T4wCGT', '2025-02-26 09:50:18', '{\"cookie\":{\"originalMaxAge\":null,\"expires\":null,\"secure\":false,\"httpOnly\":true,\"path\":\"/\"}}', '2025-02-25 09:50:18', '2025-02-25 09:50:18'),
('U5_tiyTWQ5SRFUmDZBSa38IvUZ-voNDq', '2025-02-26 08:30:29', '{\"cookie\":{\"originalMaxAge\":null,\"expires\":null,\"secure\":false,\"httpOnly\":true,\"path\":\"/\"}}', '2025-02-25 08:30:29', '2025-02-25 08:30:29'),
('Uce4Uv0oWLOhmmjl78nu-TWJi5GGsg3Q', '2025-02-26 08:10:50', '{\"cookie\":{\"originalMaxAge\":null,\"expires\":null,\"secure\":false,\"httpOnly\":true,\"path\":\"/\"}}', '2025-02-25 08:10:50', '2025-02-25 08:10:50'),
('uLTP79xvhT2wIMhnUkZetQQiqzNi06wR', '2025-02-26 09:48:15', '{\"cookie\":{\"originalMaxAge\":null,\"expires\":null,\"secure\":false,\"httpOnly\":true,\"path\":\"/\"}}', '2025-02-25 09:48:15', '2025-02-25 09:48:15'),
('UQdqKDtfdOxKqiku9zaL3XoFR2-OelYr', '2025-02-26 06:57:36', '{\"cookie\":{\"originalMaxAge\":null,\"expires\":null,\"secure\":false,\"httpOnly\":true,\"path\":\"/\"}}', '2025-02-25 06:57:36', '2025-02-25 06:57:36'),
('uR8vbU5xfvI_bzb6Y9lmJ0nyBSj5AfyQ', '2025-02-26 10:42:05', '{\"cookie\":{\"originalMaxAge\":null,\"expires\":null,\"secure\":false,\"httpOnly\":true,\"path\":\"/\"}}', '2025-02-25 10:42:05', '2025-02-25 10:42:05'),
('UrqG7uiKPp8ItpijPwuU_cydJTBIoTv8', '2025-02-26 08:48:20', '{\"cookie\":{\"originalMaxAge\":null,\"expires\":null,\"secure\":false,\"httpOnly\":true,\"path\":\"/\"}}', '2025-02-25 08:48:20', '2025-02-25 08:48:20'),
('UVJWa-5c2mQpHDBCbMMoI4TSQ0RvaZ1a', '2025-02-26 09:11:04', '{\"cookie\":{\"originalMaxAge\":null,\"expires\":null,\"secure\":false,\"httpOnly\":true,\"path\":\"/\"}}', '2025-02-25 09:11:04', '2025-02-25 09:11:04'),
('UXlkwmhvai2cIfEyN0AxMZdfTfU4ep4D', '2025-02-26 08:48:30', '{\"cookie\":{\"originalMaxAge\":null,\"expires\":null,\"secure\":false,\"httpOnly\":true,\"path\":\"/\"}}', '2025-02-25 08:48:30', '2025-02-25 08:48:30'),
('UYwYJzSvutaL08PP87gjIkM5Av6V3LP4', '2025-02-26 10:03:28', '{\"cookie\":{\"originalMaxAge\":null,\"expires\":null,\"secure\":false,\"httpOnly\":true,\"path\":\"/\"}}', '2025-02-25 10:03:28', '2025-02-25 10:03:28'),
('U_WKYaf2oBNtqjQcYZ6rSK_pA3V48uWM', '2025-02-26 09:51:42', '{\"cookie\":{\"originalMaxAge\":null,\"expires\":null,\"secure\":false,\"httpOnly\":true,\"path\":\"/\"}}', '2025-02-25 09:51:42', '2025-02-25 09:51:42'),
('V06tEzTf9kOUSGfv04Mh3pRxLLwyAcEu', '2025-02-26 08:57:15', '{\"cookie\":{\"originalMaxAge\":null,\"expires\":null,\"secure\":false,\"httpOnly\":true,\"path\":\"/\"}}', '2025-02-25 08:57:15', '2025-02-25 08:57:15'),
('V2dO3moTF_0k023HrwBU6cnPrPmUvV6q', '2025-02-26 09:50:19', '{\"cookie\":{\"originalMaxAge\":null,\"expires\":null,\"secure\":false,\"httpOnly\":true,\"path\":\"/\"}}', '2025-02-25 09:50:19', '2025-02-25 09:50:19'),
('V2Ua0C6otPxSlGgZo8-BqwQWchjePAq8', '2025-02-26 10:41:58', '{\"cookie\":{\"originalMaxAge\":null,\"expires\":null,\"secure\":false,\"httpOnly\":true,\"path\":\"/\"}}', '2025-02-25 10:41:58', '2025-02-25 10:41:58'),
('V61461gPI_d7JdiSxTeMOlASMIikCCtO', '2025-02-26 09:01:24', '{\"cookie\":{\"originalMaxAge\":null,\"expires\":null,\"secure\":false,\"httpOnly\":true,\"path\":\"/\"}}', '2025-02-25 09:01:24', '2025-02-25 09:01:24'),
('V7I1M1i6R6EQy58OLYysvr1C3o-LKb_P', '2025-02-26 09:01:56', '{\"cookie\":{\"originalMaxAge\":null,\"expires\":null,\"secure\":false,\"httpOnly\":true,\"path\":\"/\"}}', '2025-02-25 09:01:56', '2025-02-25 09:01:56'),
('vB-aAqIhZJAUkqD8-Zx3pS-MpdmKWn2U', '2025-02-26 08:13:27', '{\"cookie\":{\"originalMaxAge\":null,\"expires\":null,\"secure\":false,\"httpOnly\":true,\"path\":\"/\"}}', '2025-02-25 08:13:27', '2025-02-25 08:13:27'),
('vGC2Vk5iwdzLkKpYDA2MoQUxuQucp4rD', '2025-02-26 08:57:15', '{\"cookie\":{\"originalMaxAge\":null,\"expires\":null,\"secure\":false,\"httpOnly\":true,\"path\":\"/\"}}', '2025-02-25 08:57:15', '2025-02-25 08:57:15'),
('viHFGYq8S0GhlnfQ-fjUetTgefR15xkN', '2025-02-26 08:36:31', '{\"cookie\":{\"originalMaxAge\":null,\"expires\":null,\"secure\":false,\"httpOnly\":true,\"path\":\"/\"}}', '2025-02-25 08:36:31', '2025-02-25 08:36:31'),
('vIK74vpSD1FvXkFrlILu7ca49z3n253x', '2025-02-26 09:48:17', '{\"cookie\":{\"originalMaxAge\":null,\"expires\":null,\"secure\":false,\"httpOnly\":true,\"path\":\"/\"}}', '2025-02-25 09:48:17', '2025-02-25 09:48:17'),
('VJuitNh_OKiuPJPTPLmdMLocMZRUpSro', '2025-02-26 08:53:26', '{\"cookie\":{\"originalMaxAge\":null,\"expires\":null,\"secure\":false,\"httpOnly\":true,\"path\":\"/\"}}', '2025-02-25 08:53:26', '2025-02-25 08:53:26'),
('vRwhfEH97ROpP03NAjrVuOVDFpPZEB6u', '2025-02-26 11:39:25', '{\"cookie\":{\"originalMaxAge\":null,\"expires\":null,\"secure\":false,\"httpOnly\":true,\"path\":\"/\"}}', '2025-02-25 11:39:25', '2025-02-25 11:39:25'),
('VUvVWc9KN9xj8nb27JvF9_MSP9lCsgab', '2025-02-26 11:17:50', '{\"cookie\":{\"originalMaxAge\":null,\"expires\":null,\"secure\":false,\"httpOnly\":true,\"path\":\"/\"}}', '2025-02-25 11:17:50', '2025-02-25 11:17:50'),
('W4a3RxXAVP0YS9DI2TYkd3OgudGCOKJz', '2025-02-26 09:07:43', '{\"cookie\":{\"originalMaxAge\":null,\"expires\":null,\"secure\":false,\"httpOnly\":true,\"path\":\"/\"}}', '2025-02-25 09:07:43', '2025-02-25 09:07:43'),
('W70zq_eSwslHbiwu_llLltF5EiqvA5LQ', '2025-02-26 08:09:56', '{\"cookie\":{\"originalMaxAge\":null,\"expires\":null,\"secure\":false,\"httpOnly\":true,\"path\":\"/\"}}', '2025-02-25 08:09:56', '2025-02-25 08:09:56'),
('WgqHDSeEmzSjJSKYL10QXOypW8qo-CjS', '2025-02-26 08:10:21', '{\"cookie\":{\"originalMaxAge\":null,\"expires\":null,\"secure\":false,\"httpOnly\":true,\"path\":\"/\"}}', '2025-02-25 08:10:21', '2025-02-25 08:10:21'),
('Wiinf7k09ML-D1MY4mYLLg5Xlxt2B89J', '2025-02-26 08:55:40', '{\"cookie\":{\"originalMaxAge\":null,\"expires\":null,\"secure\":false,\"httpOnly\":true,\"path\":\"/\"}}', '2025-02-25 08:55:40', '2025-02-25 08:55:40'),
('wLfV6gHntejjdiGYJDzNCRTk6SB1X-Op', '2025-02-26 10:52:34', '{\"cookie\":{\"originalMaxAge\":null,\"expires\":null,\"secure\":false,\"httpOnly\":true,\"path\":\"/\"}}', '2025-02-25 10:52:34', '2025-02-25 10:52:34'),
('wOl5ovW4-wpgs6NfWhpTZG1D4tVlTK_C', '2025-02-26 08:55:35', '{\"cookie\":{\"originalMaxAge\":null,\"expires\":null,\"secure\":false,\"httpOnly\":true,\"path\":\"/\"}}', '2025-02-25 08:55:35', '2025-02-25 08:55:35'),
('wpptW5GheOs5hTb4UziYnyenMSg6aodP', '2025-02-26 10:08:48', '{\"cookie\":{\"originalMaxAge\":null,\"expires\":null,\"secure\":false,\"httpOnly\":true,\"path\":\"/\"}}', '2025-02-25 10:08:48', '2025-02-25 10:08:48'),
('wU3vM-m83Y2sg5zH4LcEjgrUU41P_S43', '2025-02-26 08:39:44', '{\"cookie\":{\"originalMaxAge\":null,\"expires\":null,\"secure\":false,\"httpOnly\":true,\"path\":\"/\"}}', '2025-02-25 08:39:44', '2025-02-25 08:39:44'),
('WuXM4cB0O4W1vOxBaLKMLqk4ac3dDw7q', '2025-02-26 10:09:30', '{\"cookie\":{\"originalMaxAge\":null,\"expires\":null,\"secure\":false,\"httpOnly\":true,\"path\":\"/\"}}', '2025-02-25 10:09:30', '2025-02-25 10:09:30'),
('w_xK9GbRO7ouyvYrQU-bsAerzJaM3lfq', '2025-02-26 11:41:01', '{\"cookie\":{\"originalMaxAge\":null,\"expires\":null,\"secure\":false,\"httpOnly\":true,\"path\":\"/\"}}', '2025-02-25 11:41:01', '2025-02-25 11:41:01'),
('X2Q_VwFsO7SX6yx6cahzZcHPgicQg-O2', '2025-02-26 11:24:32', '{\"cookie\":{\"originalMaxAge\":null,\"expires\":null,\"secure\":false,\"httpOnly\":true,\"path\":\"/\"}}', '2025-02-25 11:24:32', '2025-02-25 11:24:32'),
('xexEXK0CxgV5CRoPJ5Iqg5YDHmioBl3w', '2025-02-26 08:48:42', '{\"cookie\":{\"originalMaxAge\":null,\"expires\":null,\"secure\":false,\"httpOnly\":true,\"path\":\"/\"}}', '2025-02-25 08:48:42', '2025-02-25 08:48:42'),
('xfoB9Ma9A639juu-qWQqz5f4PSfs1tRp', '2025-02-26 08:55:40', '{\"cookie\":{\"originalMaxAge\":null,\"expires\":null,\"secure\":false,\"httpOnly\":true,\"path\":\"/\"}}', '2025-02-25 08:55:40', '2025-02-25 08:55:40'),
('xFztTGuRb52QGPWEYhmnM8-Dxu_IoHsg', '2025-02-26 11:24:53', '{\"cookie\":{\"originalMaxAge\":null,\"expires\":null,\"secure\":false,\"httpOnly\":true,\"path\":\"/\"}}', '2025-02-25 11:24:53', '2025-02-25 11:24:53'),
('xIqiqyZGcM2CLE766s65CSIEoB2rAPSp', '2025-02-26 10:27:41', '{\"cookie\":{\"originalMaxAge\":null,\"expires\":null,\"secure\":false,\"httpOnly\":true,\"path\":\"/\"}}', '2025-02-25 10:27:41', '2025-02-25 10:27:41'),
('XkP4lupJtnK679yy5SUN4sWvHkkpPOZO', '2025-02-26 11:35:49', '{\"cookie\":{\"originalMaxAge\":null,\"expires\":null,\"secure\":false,\"httpOnly\":true,\"path\":\"/\"}}', '2025-02-25 11:35:49', '2025-02-25 11:35:49'),
('xPBKIE-nXS4Y62dW_b9bjtuKYJFcUaCe', '2025-02-26 08:48:30', '{\"cookie\":{\"originalMaxAge\":null,\"expires\":null,\"secure\":false,\"httpOnly\":true,\"path\":\"/\"}}', '2025-02-25 08:48:30', '2025-02-25 08:48:30'),
('xrHG4pwKEo83BVnDCgVVEWcINBdAfq9I', '2025-02-26 08:52:12', '{\"cookie\":{\"originalMaxAge\":null,\"expires\":null,\"secure\":false,\"httpOnly\":true,\"path\":\"/\"}}', '2025-02-25 08:52:12', '2025-02-25 08:52:12'),
('XXG6WZ43khngLDtSuZaG5LqNsq2znnuv', '2025-02-26 08:36:23', '{\"cookie\":{\"originalMaxAge\":null,\"expires\":null,\"secure\":false,\"httpOnly\":true,\"path\":\"/\"}}', '2025-02-25 08:36:23', '2025-02-25 08:36:23'),
('XyMxd_Rb46YiGrmyDgvyAnO_i7XC64pX', '2025-02-26 09:02:57', '{\"cookie\":{\"originalMaxAge\":null,\"expires\":null,\"secure\":false,\"httpOnly\":true,\"path\":\"/\"}}', '2025-02-25 09:02:57', '2025-02-25 09:02:57'),
('xyWASOJi14tmqNFY0JgH4xO15AtLWUx1', '2025-02-26 10:46:26', '{\"cookie\":{\"originalMaxAge\":null,\"expires\":null,\"secure\":false,\"httpOnly\":true,\"path\":\"/\"}}', '2025-02-25 10:46:26', '2025-02-25 10:46:26'),
('Y0-VgpHmq05tUb97C8r0Ift5vkb62CIJ', '2025-02-26 08:36:24', '{\"cookie\":{\"originalMaxAge\":null,\"expires\":null,\"secure\":false,\"httpOnly\":true,\"path\":\"/\"}}', '2025-02-25 08:36:24', '2025-02-25 08:36:24'),
('y0yIdDqQnWDRaslI1GHVRZRiulnJFI5f', '2025-02-26 09:49:50', '{\"cookie\":{\"originalMaxAge\":null,\"expires\":null,\"secure\":false,\"httpOnly\":true,\"path\":\"/\"}}', '2025-02-25 09:49:50', '2025-02-25 09:49:50'),
('YBxarUZxoESGlG1EaCsjYiLDXH9SyYx3', '2025-02-26 08:36:31', '{\"cookie\":{\"originalMaxAge\":null,\"expires\":null,\"secure\":false,\"httpOnly\":true,\"path\":\"/\"}}', '2025-02-25 08:36:31', '2025-02-25 08:36:31'),
('yca2M8MynCWqEAepL0-QvabKCABFN9zB', '2025-02-26 09:51:27', '{\"cookie\":{\"originalMaxAge\":null,\"expires\":null,\"secure\":false,\"httpOnly\":true,\"path\":\"/\"}}', '2025-02-25 09:51:27', '2025-02-25 09:51:27'),
('yEYbElClxgwG0FNK8rdadbIvWLsFtjTD', '2025-02-26 10:04:39', '{\"cookie\":{\"originalMaxAge\":null,\"expires\":null,\"secure\":false,\"httpOnly\":true,\"path\":\"/\"}}', '2025-02-25 10:04:39', '2025-02-25 10:04:39'),
('YkfFOdPa3FrtYR8Na3MUJkkbFo47PdmB', '2025-02-26 08:09:54', '{\"cookie\":{\"originalMaxAge\":null,\"expires\":null,\"secure\":false,\"httpOnly\":true,\"path\":\"/\"}}', '2025-02-25 08:09:54', '2025-02-25 08:09:54'),
('YlHSz33o695CRUr8dwDO1tiwUO2Gg4mo', '2025-02-26 08:36:18', '{\"cookie\":{\"originalMaxAge\":null,\"expires\":null,\"secure\":false,\"httpOnly\":true,\"path\":\"/\"}}', '2025-02-25 08:36:18', '2025-02-25 08:36:18'),
('yLkYKTNxF4yErwnIi6232GCJcL81sPmd', '2025-02-26 08:30:03', '{\"cookie\":{\"originalMaxAge\":null,\"expires\":null,\"secure\":false,\"httpOnly\":true,\"path\":\"/\"}}', '2025-02-25 08:30:03', '2025-02-25 08:30:03'),
('YNKcs0Rsj9g2KVhw6ah6ww5z2Zd4a_jX', '2025-02-26 11:35:49', '{\"cookie\":{\"originalMaxAge\":null,\"expires\":null,\"secure\":false,\"httpOnly\":true,\"path\":\"/\"}}', '2025-02-25 11:35:49', '2025-02-25 11:35:49'),
('yozMKCuDRWvsS5wmokNIyP_iyJz47iBv', '2025-02-26 08:54:58', '{\"cookie\":{\"originalMaxAge\":null,\"expires\":null,\"secure\":false,\"httpOnly\":true,\"path\":\"/\"}}', '2025-02-25 08:54:58', '2025-02-25 08:54:58'),
('yT7ysSXQp85hSi-Y14hPsvknqdFEs_jM', '2025-02-26 10:46:33', '{\"cookie\":{\"originalMaxAge\":null,\"expires\":null,\"secure\":false,\"httpOnly\":true,\"path\":\"/\"}}', '2025-02-25 10:46:33', '2025-02-25 10:46:33'),
('Yv1wi_xBPL8CzagUsltXLARZo_PjsEB9', '2025-02-26 10:06:48', '{\"cookie\":{\"originalMaxAge\":null,\"expires\":null,\"secure\":false,\"httpOnly\":true,\"path\":\"/\"}}', '2025-02-25 10:03:28', '2025-02-25 10:06:48'),
('yvt1Z8-2iodGvD4_U0JxZOMJIduFRO-D', '2025-02-26 11:48:27', '{\"cookie\":{\"originalMaxAge\":null,\"expires\":null,\"secure\":false,\"httpOnly\":true,\"path\":\"/\"},\"userId\":\"4a53a415-1215-442c-b3a5-24f560324540\"}', '2025-02-25 06:57:22', '2025-02-25 11:48:27'),
('YYPhlGTEgGaJHdosYj3XtDjMFfQCGVh3', '2025-02-26 10:11:17', '{\"cookie\":{\"originalMaxAge\":null,\"expires\":null,\"secure\":false,\"httpOnly\":true,\"path\":\"/\"}}', '2025-02-25 10:11:17', '2025-02-25 10:11:17'),
('yzWUbCIJccXjVkglqVnBUP_-5mECdU9I', '2025-02-26 08:13:36', '{\"cookie\":{\"originalMaxAge\":null,\"expires\":null,\"secure\":false,\"httpOnly\":true,\"path\":\"/\"}}', '2025-02-25 08:13:36', '2025-02-25 08:13:36'),
('Z-VD8pfEEhYT6CRyak9Riwb2_Vz0tLfb', '2025-02-26 08:35:45', '{\"cookie\":{\"originalMaxAge\":null,\"expires\":null,\"secure\":false,\"httpOnly\":true,\"path\":\"/\"}}', '2025-02-25 08:35:45', '2025-02-25 08:35:45'),
('z3ECLxpt94bBGx8PQRTQAN-Q4LWddUlt', '2025-02-26 11:48:27', '{\"cookie\":{\"originalMaxAge\":null,\"expires\":null,\"secure\":false,\"httpOnly\":true,\"path\":\"/\"}}', '2025-02-25 11:48:27', '2025-02-25 11:48:27'),
('Z4cB6Wi99L5VFLER5g1YwmGceBrbfJRB', '2025-02-26 09:51:42', '{\"cookie\":{\"originalMaxAge\":null,\"expires\":null,\"secure\":false,\"httpOnly\":true,\"path\":\"/\"}}', '2025-02-25 09:51:42', '2025-02-25 09:51:42'),
('Z4zPEkk892M24EDqP2CoY8M0Sy7wzIaD', '2025-02-26 11:39:25', '{\"cookie\":{\"originalMaxAge\":null,\"expires\":null,\"secure\":false,\"httpOnly\":true,\"path\":\"/\"}}', '2025-02-25 11:39:25', '2025-02-25 11:39:25'),
('z5bW4LlYC9bz7shx8qRGS67XHHriHL0B', '2025-02-26 08:42:22', '{\"cookie\":{\"originalMaxAge\":null,\"expires\":null,\"secure\":false,\"httpOnly\":true,\"path\":\"/\"}}', '2025-02-25 08:42:22', '2025-02-25 08:42:22'),
('z5mzMPU-LCeZaz3eezAgotYxRN4mdqKN', '2025-02-26 09:01:55', '{\"cookie\":{\"originalMaxAge\":null,\"expires\":null,\"secure\":false,\"httpOnly\":true,\"path\":\"/\"}}', '2025-02-25 09:01:55', '2025-02-25 09:01:55'),
('z9UJ-nAgPyKJXoWPsCzRXZ6MskELHhZO', '2025-02-26 08:51:51', '{\"cookie\":{\"originalMaxAge\":null,\"expires\":null,\"secure\":false,\"httpOnly\":true,\"path\":\"/\"}}', '2025-02-25 08:51:51', '2025-02-25 08:51:51'),
('ZeF8Jcj_JiG7ABFlxuK8Ie8idUfSE4bk', '2025-02-26 08:48:37', '{\"cookie\":{\"originalMaxAge\":null,\"expires\":null,\"secure\":false,\"httpOnly\":true,\"path\":\"/\"}}', '2025-02-25 08:48:37', '2025-02-25 08:48:37'),
('zeu2NCTP8yvgEZBE2-1hUvstFmoalxC6', '2025-02-26 10:41:58', '{\"cookie\":{\"originalMaxAge\":null,\"expires\":null,\"secure\":false,\"httpOnly\":true,\"path\":\"/\"}}', '2025-02-25 10:41:58', '2025-02-25 10:41:58'),
('zggkpOinJ5nrgYMbZ5cN9ACPtxC8LiN1', '2025-02-26 06:57:22', '{\"cookie\":{\"originalMaxAge\":null,\"expires\":null,\"secure\":false,\"httpOnly\":true,\"path\":\"/\"}}', '2025-02-25 06:57:22', '2025-02-25 06:57:22'),
('zGjtMf1z-7fk8icxIGBafH2YuGj6V-8d', '2025-02-26 11:31:16', '{\"cookie\":{\"originalMaxAge\":null,\"expires\":null,\"secure\":false,\"httpOnly\":true,\"path\":\"/\"}}', '2025-02-25 11:31:16', '2025-02-25 11:31:16'),
('Zo1H8nGaomIlcsArcfGl6LVILGMUJ3Qh', '2025-02-26 08:45:56', '{\"cookie\":{\"originalMaxAge\":null,\"expires\":null,\"secure\":false,\"httpOnly\":true,\"path\":\"/\"}}', '2025-02-25 08:45:56', '2025-02-25 08:45:56'),
('ZolWfgUc7wWhnrWDS01OOgpCN0j32Sje', '2025-02-26 08:10:14', '{\"cookie\":{\"originalMaxAge\":null,\"expires\":null,\"secure\":false,\"httpOnly\":true,\"path\":\"/\"}}', '2025-02-25 08:10:14', '2025-02-25 08:10:14'),
('Zt6ljVHoRcDkzBcVsFtcA9guMKXopnXF', '2025-02-26 08:47:05', '{\"cookie\":{\"originalMaxAge\":null,\"expires\":null,\"secure\":false,\"httpOnly\":true,\"path\":\"/\"}}', '2025-02-25 08:47:05', '2025-02-25 08:47:05'),
('ZtJ9viID5pgjs0LHtc9DDg-uNcIepULk', '2025-02-26 09:52:45', '{\"cookie\":{\"originalMaxAge\":null,\"expires\":null,\"secure\":false,\"httpOnly\":true,\"path\":\"/\"}}', '2025-02-25 09:52:45', '2025-02-25 09:52:45'),
('zvnMEkykkmiWbCLrlkvvs7wIaG6HP1h1', '2025-02-26 08:51:41', '{\"cookie\":{\"originalMaxAge\":null,\"expires\":null,\"secure\":false,\"httpOnly\":true,\"path\":\"/\"}}', '2025-02-25 08:51:41', '2025-02-25 08:51:41'),
('_JYJlxmDUI-80nmtzUxYX9mcBJwe3T5Z', '2025-02-26 08:48:12', '{\"cookie\":{\"originalMaxAge\":null,\"expires\":null,\"secure\":false,\"httpOnly\":true,\"path\":\"/\"}}', '2025-02-25 08:48:12', '2025-02-25 08:48:12'),
('_L4cnzBDz9knSsPZmxoP7_A88NeSdBIB', '2025-02-26 08:10:14', '{\"cookie\":{\"originalMaxAge\":null,\"expires\":null,\"secure\":false,\"httpOnly\":true,\"path\":\"/\"}}', '2025-02-25 08:10:14', '2025-02-25 08:10:14'),
('_LiVh6TF57DQKKopVr7mwrNpHnt9DlGZ', '2025-02-26 09:01:25', '{\"cookie\":{\"originalMaxAge\":null,\"expires\":null,\"secure\":false,\"httpOnly\":true,\"path\":\"/\"}}', '2025-02-25 09:01:25', '2025-02-25 09:01:25'),
('_o0W9uD-RGIZ2vRWdKHES0h1k9EK-EQi', '2025-02-26 11:18:38', '{\"cookie\":{\"originalMaxAge\":null,\"expires\":null,\"secure\":false,\"httpOnly\":true,\"path\":\"/\"}}', '2025-02-25 11:18:38', '2025-02-25 11:18:38'),
('_sLPm9LrREkfifY1f2PXRyAJDUw5ZmxG', '2025-02-26 08:48:12', '{\"cookie\":{\"originalMaxAge\":null,\"expires\":null,\"secure\":false,\"httpOnly\":true,\"path\":\"/\"}}', '2025-02-25 08:48:12', '2025-02-25 08:48:12'),
('_vYqAVvezz4K3MhL-Co8hvrUeqEq1Nt2', '2025-02-26 09:52:41', '{\"cookie\":{\"originalMaxAge\":null,\"expires\":null,\"secure\":false,\"httpOnly\":true,\"path\":\"/\"}}', '2025-02-25 09:52:41', '2025-02-25 09:52:41'),
('_zdyeV8lMgY_MUMAvSjL6tfRyZCUW1ri', '2025-02-26 08:47:01', '{\"cookie\":{\"originalMaxAge\":null,\"expires\":null,\"secure\":false,\"httpOnly\":true,\"path\":\"/\"}}', '2025-02-25 08:47:01', '2025-02-25 08:47:01');

-- --------------------------------------------------------

--
-- Table structure for table `users`
--

CREATE TABLE `users` (
  `id` int(11) NOT NULL,
  `uuid` varchar(255) NOT NULL,
  `name` varchar(255) NOT NULL,
  `email` varchar(255) NOT NULL,
  `password` varchar(255) NOT NULL,
  `role` varchar(255) NOT NULL,
  `createdAt` datetime NOT NULL,
  `updatedAt` datetime NOT NULL
) ENGINE=InnoDB DEFAULT CHARSET=utf8mb4 COLLATE=utf8mb4_general_ci;

--
-- Dumping data for table `users`
--

INSERT INTO `users` (`id`, `uuid`, `name`, `email`, `password`, `role`, `createdAt`, `updatedAt`) VALUES
(1, '4a53a415-1215-442c-b3a5-24f560324540', 'Admin', 'admin@gmail.com', '$argon2id$v=19$m=65536,t=3,p=4$NYdvG2L1Kd2itbMy+09WvA$vDQvXc0HG0yJ+D4iEIv57i2cCzEqS4k9/aTLyvxNjt8', 'admin', '2025-02-03 07:08:26', '2025-02-03 07:08:26'),
(2, '08dc68a9-ba13-4e68-b825-79cee4e342a6', 'User', 'user@gmail.com', '$argon2id$v=19$m=65536,t=3,p=4$z3dsFHyT/2sbBClZ8jmpaQ$vVYD+uYnlmBByXc9f+KP9CC1szwmSllOcviihdOIYo8', 'user', '2025-02-03 07:08:34', '2025-02-03 07:08:34');

--
-- Indexes for dumped tables
--

--
-- Indexes for table `animes`
--
ALTER TABLE `animes`
  ADD PRIMARY KEY (`id`),
  ADD KEY `genreId` (`genreId`),
  ADD KEY `userId` (`userId`);

--
-- Indexes for table `episodes`
--
ALTER TABLE `episodes`
  ADD PRIMARY KEY (`id`),
  ADD KEY `animeId` (`animeId`),
  ADD KEY `userId` (`userId`);

--
-- Indexes for table `genres`
--
ALTER TABLE `genres`
  ADD PRIMARY KEY (`id`),
  ADD KEY `userId` (`userId`);

--
-- Indexes for table `sessions`
--
ALTER TABLE `sessions`
  ADD PRIMARY KEY (`sid`);

--
-- Indexes for table `users`
--
ALTER TABLE `users`
  ADD PRIMARY KEY (`id`);

--
-- AUTO_INCREMENT for dumped tables
--

--
-- AUTO_INCREMENT for table `animes`
--
ALTER TABLE `animes`
  MODIFY `id` int(11) NOT NULL AUTO_INCREMENT, AUTO_INCREMENT=18;

--
-- AUTO_INCREMENT for table `episodes`
--
ALTER TABLE `episodes`
  MODIFY `id` int(11) NOT NULL AUTO_INCREMENT, AUTO_INCREMENT=72;

--
-- AUTO_INCREMENT for table `genres`
--
ALTER TABLE `genres`
  MODIFY `id` int(11) NOT NULL AUTO_INCREMENT, AUTO_INCREMENT=37;

--
-- AUTO_INCREMENT for table `users`
--
ALTER TABLE `users`
  MODIFY `id` int(11) NOT NULL AUTO_INCREMENT, AUTO_INCREMENT=3;

--
-- Constraints for dumped tables
--

--
-- Constraints for table `animes`
--
ALTER TABLE `animes`
  ADD CONSTRAINT `animes_ibfk_1` FOREIGN KEY (`genreId`) REFERENCES `genres` (`id`) ON UPDATE CASCADE,
  ADD CONSTRAINT `animes_ibfk_2` FOREIGN KEY (`userId`) REFERENCES `users` (`id`) ON DELETE CASCADE ON UPDATE CASCADE;

--
-- Constraints for table `episodes`
--
ALTER TABLE `episodes`
  ADD CONSTRAINT `episodes_ibfk_1` FOREIGN KEY (`animeId`) REFERENCES `animes` (`id`) ON DELETE CASCADE ON UPDATE CASCADE,
  ADD CONSTRAINT `episodes_ibfk_2` FOREIGN KEY (`userId`) REFERENCES `users` (`id`) ON DELETE CASCADE ON UPDATE CASCADE;

--
-- Constraints for table `genres`
--
ALTER TABLE `genres`
  ADD CONSTRAINT `genres_ibfk_1` FOREIGN KEY (`userId`) REFERENCES `users` (`id`) ON DELETE CASCADE ON UPDATE CASCADE;
COMMIT;

/*!40101 SET CHARACTER_SET_CLIENT=@OLD_CHARACTER_SET_CLIENT */;
/*!40101 SET CHARACTER_SET_RESULTS=@OLD_CHARACTER_SET_RESULTS */;
/*!40101 SET COLLATION_CONNECTION=@OLD_COLLATION_CONNECTION */;
